kepid,label,stage1_prob,snr,archive_snr,depth,impact_parameter,transit_snr_bls,bls_power,sec_eclipse_depth,odd_even_diff,planet_radius,stellar_teff,max_mes,max_ses,cdpp,symmetry,flux_asymmetry,duration,period
8630788,1,0.44064286,3.616091092286943,96.8,0.0008669180681039,0.825,111.32032270960336,1748.5293691771892,0.0028818504749003,0.0001229046925488,5.3,5717.0,83.923164,17.845207,183.42932048965628,0.99980941115217,2.970606994390224e-06,0.33,36.33750453
5177104,1,0.68692935,0.7059960329453971,32.9,6.832269476898925e-05,0.349,2.6324358257965894,53.35419799392197,0.0002004885083884,5.376951570756905e-05,1.31,6201.0,27.30037,4.338973,59.44059978084002,0.9999451995348412,4.757979906511167e-06,0.33,22.15879396984925
10485250,0,0.35765824,2.295233882525165,303.4,0.0036902394358727,0.292,12.69983155418938,21270.763779831934,0.0108273285667248,0.0007268149569255,7.94,5152.0,258.8247,43.1625,410.9529080512381,0.9988972855556176,0.0009792148922546,0.33,16.46983774
10481045,0,0.3400283,0.7480276973224335,16.0,0.0001525487716936,0.102,2.049664537192785,21.271412065602355,0.0003299231962693,0.0001694509796269,0.82,5751.0,14.808974,3.4160557,90.12259838027371,0.9998964157070688,1.0633503171320058e-06,0.1,28.521608040201
5201115,0,0.62796926,0.8559292739302126,30.2,0.0002660608063489,0.719,4.231382527875399,4412.111807446369,0.0004382047171397,0.0002973853155596,1.19,5872.0,21.015509,5.6370683,58.82528929947786,0.999913101808514,1.4844571714078825e-05,0.33,17.912562814070352
5371777,1,0.40689984,0.6906237198689338,13.5,9.55921467985746e-05,0.765,1.8424221150165965,15.893678625189311,0.0002651196269861,6.349376845848909e-06,1.19,6117.0,11.122064,3.151386,82.36708502233374,0.9999136947626448,7.942945909888977e-07,0.15,21.67537688442211
9777256,0,0.37910047,0.2150667822045578,22.2,2.4209749713287784e-05,0.53,6.559734518455154,68.98562053415519,0.0001551919442653,4.752155904086397e-05,1.3,5701.0,15.592595,4.093994,98.09158012909484,0.999945646043977,6.457195328257725e-05,0.33,1.33251589
6206470,0,0.44129446,0.5090971703941232,12.5,3.821054846391847e-05,0.348,1.683803127923325,16.014450225986312,9.787266308436404e-05,1.6486632406276236e-05,0.65,6006.0,11.650159,3.9102576,38.43732376146895,0.9999645733084392,6.40771553372943e-07,0.15,20.452261306532662
5545815,0,0.52866244,1.097286468869991,12.2,0.0005616613288318,0.535,5.215068756632819,1629.855683658712,0.0008913600213236,0.0002188576548334,1.33,5992.0,12.768257,4.21313,132.581912009158,0.9998012578341288,9.279846341958552e-05,0.33,25.43819095477387
3858919,0,0.4513318,0.7287590017975821,14.0,0.0002053281078351,0.142,1.93531308405664,16.974666886783776,0.0007597234967942,5.903274541346759e-05,2.03,5692.0,11.206927,3.9235106,232.05368126161645,0.9997345178221267,2.766531061793032e-06,0.33,23.959798994974875
9220612,0,0.30071723,0.9168807352601452,20.2,0.0016346522947959,0.634,6.440773200506203,7602.140973231169,0.0021158259049609,1.540387801413079e-05,1.03,5390.0,14.90462,4.3010817,224.181933246638,0.9995376192976166,0.0001150287948175,0.33,27.52763819095477
11303815,0,0.4147348,0.9647733769903074,11.5,0.0005806414429423,0.709,19.191144506152643,1695.6695363707902,0.0008721846177831,0.0002606665550488,1.82,5387.0,17.060822,4.3321447,438.0249617453974,0.9998485135044294,1.9751818648106045e-05,0.33,15.209045226130655
10070468,1,0.6814311,0.6799274047550726,17.4,0.0001045100283675,0.415,2.586642463534732,23.74009622825028,0.0002164546201016,6.263104583259516e-05,1.27,5827.0,14.623486,3.201359,70.26656875948268,0.999933151429898,4.915717596309932e-06,0.1,21.86532663316583
6350476,0,0.44820535,1.125052923564527,38.7,6.485834460118585e-05,0.214,3.048736060824583,30.8060355590086,0.0002082298950424,2.4944577918240007e-05,1.07,5227.0,21.53885,3.856905,49.93765489677961,0.9999447001292898,1.460145871101659e-06,0.2,28.872361809045223
8227661,0,0.5004451,2.0967261279416163,18.0,0.0006664430556948,0.551,2.312669451577272,41.48151003715543,0.0018230860006467,0.000103216645913,0.23,2661.0,16.466364,3.9291978,181.48561135931573,0.9997795118665084,1.2445837324071007e-05,0.05,26.867336683417086
11611275,1,0.46484908,0.5764909369130852,14.7,0.000129292495565,0.485,1.9672596127703488,17.179655581808948,0.000265028160058,5.854415886985542e-05,1.34,6108.0,13.314711,3.9205754,85.51745437530212,0.9999045732489013,8.35932929543759e-07,0.1,29.845226130653263
11463211,0,0.505127,3.4325676559460354,181.1,0.0016260439778852,0.86,64.47333717452462,769.150754275043,0.0021654539205731,8.1183767431936e-05,4.53,5714.0,130.6654,9.787732,184.3721961334496,0.9998672041170892,8.079862793386461e-06,0.05,27.11356783919598
3962872,0,0.62089586,0.7859587810307006,11.6,3.949788902032075e-05,0.952,2.590751767554894,22.138204309704587,0.0002785881690667,2.4581732854744853e-05,1.46,6058.0,9.683857,4.847836,62.81794364241858,0.9999308779733354,1.0598174273734884e-06,0.25,25.9554044
9412445,0,0.57258356,2.132528398367163,35.5,0.0001452698116201,0.677,7.444560506818981,154.90428207237312,0.0007205816521748,8.097267807261055e-06,0.95,3995.0,25.229647,4.674,78.1655115777359,0.9999050802837256,3.991168081363128e-06,0.33,25.460301507537693
8686373,1,0.57587004,0.738614227458993,24.8,5.89758374168355e-05,0.965,3.1839770275642407,121.86576567321364,0.000176384029159,9.328815365916563e-06,4.59,6501.0,15.743615,7.1484165,49.090763286844265,0.9999654636206472,9.122680055817512e-07,0.33,21.06130653266332
9099950,0,0.4252579,0.4903025007522591,36.8,0.0001549432355943,0.715,4.395298946245297,3270.8221265786765,0.00024389853691,0.000134104121266,2.86,6486.0,17.301676,4.440284,133.25679690591204,0.9999308507099934,3.544574896263697e-05,0.33,9.587939698492464
3970233,0,0.30556306,4.645303429448589,438.2,0.0065673618660237,0.532,73.26527985450754,484804.2722212083,0.0196223934695827,4.786899948661105e-05,11.86,5366.0,1356.7852,171.8452,214.70322803991127,0.9986264030957196,0.0017987394375484,0.33,8.254912972
4991208,1,0.46507382,0.9173675498062872,11.9,0.0001264238164241,0.258,2.612511552133657,244.9513192337484,0.0002814494297671,8.48230623610724e-05,0.67,5561.0,10.947981,3.0879076,59.63052451687684,0.9999353359978226,1.221249065930241e-05,0.33,29.84924623115578
11241912,1,0.6601039,0.4595495724628972,21.5,2.227425631064908e-05,0.977,2.4815241012131524,26.24017450038704,6.447707339274356e-05,4.6973839512520765e-05,1.53,5929.0,17.863062,5.0209537,33.32008378242165,0.9999750659834072,2.4594182324033653e-06,0.33,15.19597989949749
8030339,0,0.5977693,0.9368504112433016,41.8,0.0002780042677387,0.133,2.7062081705143246,63.145541426484456,0.0007320368166349,0.0002098018068902,2.17,5638.0,24.32191,3.9666448,192.0462703294858,0.999757942219497,1.2021164512598936e-05,0.33,24.4321608040201
11599800,0,0.5772103,0.955067814582606,17.4,0.0002043934086436,0.3769,2.5170211662901845,50.4503894308713,0.0004406308941465,5.197165015119465e-05,5.09,6273.0,26.0517345,5.9754972,152.32644488085535,0.9998330203782292,2.0255103678756825e-06,0.33,30.94773869346734
10156055,0,0.3179488,0.6272615010926426,8.8,0.000192799380502,0.057,3.006302213579456,617.8880442891153,0.0003112932764404,0.0001114861563998,0.85,6609.0,10.926394,3.340041,143.34945705613387,0.9999077665677928,3.1358272161163825e-06,0.33,16.34572864321608
8429566,0,0.45806688,0.6091219422280658,15.7,9.143546940725338e-05,0.4,2.296091999282465,35.58193860169523,0.0003077036219824,5.368918608450457e-05,1.09,5762.0,13.811562,3.368786,79.99310315274968,0.9999138811438114,1.4348322334711838e-06,0.33,28.912562814070352
9790806,1,0.5983469,0.4049284615168584,8.6,0.0018776635313842,0.861,47.683823960842176,695845.8537783341,0.0020720068350047,0.006804233469589,2.25,5461.0,69.970215,8.148397,254.6058563408048,0.9996572045025292,0.0001227660007193,0.33,3.5035175879396987
11554435,1,0.6791532,1.2957965707175176,40.2,0.0066901188052377,0.538,30.026883317480088,9918029.54196544,0.0082034156393732,0.0003480684581764,5.73,5578.0,674.3449,93.14843,318.3502671972051,0.9989434023354324,0.0001364564549598,0.33,21.6
8892721,0,0.54914457,1.2932521982762335,70.5,0.0006718862792691,0.92,9.843115335622068,357.8763184869684,0.00105939017135,5.622118896114747e-05,4.57,4796.0,61.071968,20.468607,222.88594698208888,0.9997973090386292,7.836773940994579e-05,0.25,24.6
6364067,0,0.6061662,0.4460386387316728,18.7,0.0001271979591161,0.644,10.676805826373178,83.54223689263875,0.0002363183004367,0.0001054367651363,1.24,5804.0,15.7946825,3.5536094,111.10306726341275,0.9999332659841468,2.4266353572222062e-05,0.33,5.2438982
6026924,1,0.46293187,1.2751897426634722,21.8,3.3445816696701954e-05,0.579,2.882438978150213,83.21396488869829,0.000149015127005,3.1777802109167474e-05,2.44,6237.0,11.435852,3.8828163,31.75931335693944,0.9999530508425488,2.002209669171862e-07,0.33,56.644452
4059887,0,0.31848422,0.386424211417555,33.3,2.612829091108721e-05,0.654,2.6155898811339964,57.57403814408246,5.7182251105070137e-05,3.568052835078994e-06,1.92,5858.0,10.916952,3.9138443,43.09328427535367,0.9999780874718992,2.2080499140209042e-07,0.33,12.020100502512562
11969988,0,0.43056515,0.8857630088463874,44.1,4.449236259490261e-05,0.594,3.5141055146260576,125.33513162893064,9.522120423011148e-05,1.950844962306241e-05,1.68,6208.0,21.233849,3.6893404,30.868972746575533,0.9999749653378538,1.5232201803216938e-06,0.33,26.29447236180905
6525193,0,0.5435518,0.6757444743909464,19.9,0.0001446416353574,0.473,2.1378304387346376,29.35904952390809,0.0004824862536925,1.779816989400107e-05,1.57,5834.0,17.869236,3.7674353,145.37533270323394,0.999850069580617,5.894126133609845e-06,0.33,27.276381909547737
6037581,1,0.5036428,0.6754536732647687,42.6,0.0003316865589086,0.665,5.109267139936254,4574.070605105257,0.0005281426061228,0.0001136820097071,2.42,5865.0,26.140358,5.9633765,87.44508855134674,0.9997786215287178,7.15027867019824e-05,0.33,15.17286432160804
9593757,0,0.62740844,3.731283132729287,43.2,0.0026998195934964,0.069,150.42140319471454,2466.965559697558,0.0190543305042261,0.00047706387741,8.91,5780.0,128.06352,30.861826,1338.3720285125362,0.9983236889975152,0.0024470030301245,0.33,2.49432176
11460462,1,0.3647593,0.9170199425295128,20.9,6.94812081016487e-05,0.96,3.8060437993820337,503.36099886535146,0.0001128666029184,1.146818270414407e-05,1.55,6387.0,20.589466,5.227356,37.6571581679503,0.9999728636828896,1.6501808204338886e-06,0.33,24.94874371859297
4946581,0,0.65339756,0.5651602045819494,13.5,4.6301363677899125e-05,0.505,2.5613467382780533,23.14821626172999,0.0001389005005986,3.1893271992822214e-05,1.69,5562.0,12.309573,4.1584272,53.58590920698736,0.9999493915055564,2.0670023981317345e-07,0.33,22.86130653266332
8746295,0,0.6440592,0.5903609876421403,17.2,6.944514533525034e-05,0.479,1.9386632002825537,19.299218538882407,0.0001868670423443,6.582607842586796e-05,1.27,5734.0,15.146826,4.783982,71.74096608868774,0.9999363888756104,5.649767075066592e-06,0.2,23.879396984924625
10963065,1,0.36229476,1.7408611871321975,23.2,1.6780584597317358e-05,0.548,3.8652848805841735,1331.0908400701687,7.05793021034129e-05,3.845265655499919e-06,0.69,6139.0,21.635609,4.6253843,11.768788125284392,0.9999895709700422,1.0805708011707438e-06,0.33,12.688442211055277
11283615,1,0.40833965,0.9699215246831624,18.9,0.0005330703122743,0.401,2.7802760440098635,320.0260477280451,0.000922059032657,0.0005535381686665,1.38,5467.0,14.052365,3.6263669,186.13657731431488,0.99976776807404,5.282507636839018e-05,0.33,29.173869346733667
6964929,1,0.37147138,0.9895172470855405,26.5,0.0001791356148725,0.448,2.31946955744552,147.68621947749045,0.0007667438320773,6.1154250413641975e-06,1.11,5884.0,21.349943,4.3030043,79.58782437599275,0.9998891993461406,7.571233151759671e-05,0.33,31.423115577889448
10514770,0,0.34871835,0.9451749706502254,179.0,0.0002932645076945,0.917,12.873769000481603,204.14321829733623,0.0007159625934791,6.119897453366052e-05,5.65,5337.0,137.55992,11.546576,220.00991987354405,0.999822837901876,4.111525026995189e-06,0.33,22.60402010050252
5471489,0,0.5021129,0.8491997582938378,36.6,7.066120976986435e-05,0.171,11.074678232621403,162.61498217341878,0.0001419169943229,3.859220188312529e-05,2.37,6156.0,14.324436,4.1317253,36.42521220941145,0.9999603193859816,3.147008103254745e-05,0.33,12.4252735
3834317,0,0.41800812,1.0965705765907965,69.3,0.0001071018157745,0.74,13.914476495927506,10954.394245148063,0.0001544697943911,3.156928073622112e-05,3.29,6911.0,10.947229,3.3694663,74.42670862767511,0.9999679380627804,4.586350857205268e-06,0.33,21.80502512562814
4075015,0,0.41255534,0.8420583364352502,15.5,0.0002207968705252,0.141,1.953377138414739,19.78935093581436,0.0006322369033605,0.0003053930200828,1.07,5776.0,13.826928,3.4767501,139.55761946389214,0.9998425436264946,3.065750739494888e-06,0.1,23.4
8379705,1,0.3029629,0.4935003900076029,14.7,0.0002306315022902,0.572,3.030773818096524,98.00094985739388,0.0004477406581148,2.4509854543663945e-05,1.93,6122.0,13.063752,3.5554564,145.1748844731116,0.9998529628645604,4.2279853726401306e-05,0.33,20.520603015075377
7889486,0,0.60058594,0.6140767810073129,11.3,0.0001853432576882,0.82,2.237661581385466,52.24002006251302,0.0004375965077181,7.933965765860584e-05,2.19,5763.0,10.754355,4.5307674,165.6119668213931,0.9998337017756044,2.2391926454590205e-05,0.33,26.287437185929647
11498128,1,0.5449144,0.6323087150214951,24.0,5.919676514152359e-05,0.586,4.055914226201723,31.63185314549976,0.0001370348748882,1.940977037095948e-05,2.01,5679.0,19.08947,7.641068,65.65503940886703,0.9999454861278906,4.934888123697689e-06,0.33,15.181909547738696
4077901,0,0.41845256,0.7896513134626589,28.2,7.267502066909207e-05,0.981,11.638523123299532,134.13308223450437,0.0001325488305946,2.820666495267909e-05,1.09,5437.0,20.126293,4.579923,36.17125375195592,0.9999709437641424,6.006941127179033e-06,0.33,12.1097626
12406749,1,0.46634707,0.5861920152202519,44.4,0.0003567209607385,0.906,15.74187166787824,199.88244569692148,0.0005196754233408,0.0003141729187586,5.04,5446.0,39.809235,12.819533,211.8653429898865,0.9998819212371992,1.129305158553695e-05,0.25,11.27035175879397
3229028,0,0.63777953,0.6370763051524548,28.7,4.57201588904339e-05,0.459,3.622248311713425,101.31971451757052,9.627194558903264e-05,7.167075871172823e-05,0.99,5929.0,14.588038,4.243456,33.77769676735144,0.9999675657141676,1.894536569291283e-06,0.33,18.71356783919598
6695801,0,0.30975673,1.0975833117050822,8.4,0.0020648237620113,0.263,6.0711949066543145,25780.40319348429,0.0032189679198176,0.0006909918515586,1.09,6237.0,13.762703,3.6434932,161.77099628957515,0.999268743578854,0.0001534915532904,0.33,29.64824120603015
7379385,0,0.3093592,1.658959366694881,39.5,8.474420359645259e-05,0.938,5.128167276666839,64.36188741714297,0.0004458341037677,1.0256961931964792e-05,2.44,6157.0,18.798174,8.811019,62.389486458897,0.9998951473508026,4.246787166817256e-06,0.33,67.230028
11714231,1,0.38863987,0.2659046863060273,16.8,6.332260852752384e-05,0.539,2.91752390336053,33.183793613808355,0.0001473491793765,6.417025473215432e-07,1.45,6020.0,13.425456,3.7039127,102.90220997210504,0.9999357611125116,2.672294399452824e-05,0.33,8.701507537688443
9577855,0,0.37819076,0.8449218806219314,11.4,8.844928004794408e-05,0.233,2.088867494889099,25.354574863091592,0.0002957509203336,6.715719097993844e-05,1.06,6355.0,10.463333,2.8940516,72.58721368963656,0.999908893111682,3.918891764653765e-06,0.33,23.77889447236181
7295235,1,0.6235068,1.1649490263315394,41.0,0.000224599202625,0.171,3.0584760289259694,3095.3621323835723,0.0004205766273688,0.0001844668338712,1.21,5511.0,41.68947,5.120073,44.99700656762162,0.9999222604889751,1.6567699633651678e-05,0.33,34.450251256281405
5991765,0,0.5381422,0.6606992826573538,12.9,6.159565882143309e-05,0.186,5.39760223608743,78.09708405211121,0.0001469107789836,7.611152895686812e-05,1.73,6200.0,11.38409,4.0875626,43.2513453161847,0.9999604368649988,3.551270727708556e-06,0.33,20.387939698492467
9602421,0,0.6214937,1.0502531631579035,11.4,1.2811330825468645e-05,0.384,2.25814806645531,20.049097875649075,3.4061954812814044e-05,1.0679767829091524e-05,0.72,6018.0,9.8879,4.0916243,26.12421268661687,0.9999844687648132,5.5485419148126887e-08,0.33,8.160804020100503
9956082,1,0.5270829,0.4673061795949039,15.6,0.0001037426011777,0.277,2.90887448675424,28.2552177930267,0.0002334702869528,7.14523278113055e-05,1.38,6260.0,13.422261,5.1062574,96.76817014417152,0.9999025495111242,3.234891680303776e-06,0.25,23.687437185929653
11599038,1,0.4168653,0.7171712584834042,15.5,0.0002631927056744,0.581,2.038497035167865,18.011925278452967,0.0003631021465219,7.338315247829019e-05,1.61,6052.0,12.549701,3.2695124,120.0839666456374,0.9998761775831586,2.888670034284502e-07,0.05,24.144723618090453
8644365,1,0.53721344,0.5062732133953776,11.7,2.486743130066615e-05,1.017,2.542614022283882,27.98623125389,0.0002064074618935,5.135541033873814e-05,3.89,6047.0,9.855895,4.1041045,33.75775538189494,0.999975292409376,2.150570093117921e-07,0.33,16.481407035175877
5962262,1,0.5743541,0.6558111790484629,11.3,0.0002743262662402,0.059,106.16165737162125,2048.6845611067683,0.0003361143666625,8.273351566029374e-05,1.01,5009.0,10.712676,3.6935914,85.90374656276137,0.999951073956962,2.6274538058368435e-05,0.33,5.450251256281407
7731281,1,0.6578336,7.995994217880671,38.6,0.0020646715493819,0.577,3.377266664461632,159.9437695611489,0.011275626905323,0.0001029175285855,6.28,3869.0,39.134,24.683128,320.93867315654035,0.9989558680155532,2.1217137703755107e-05,0.2,76.377855
9301506,0,0.47819784,0.6514888589834998,20.7,0.0001775528342356,0.109,2.359160079053258,60.70471286127439,0.0005348674970268,2.207984424851261e-05,1.14,5089.0,14.575617,4.1783113,163.7445894853373,0.9998565444875668,4.88441733591527e-05,0.33,22.287437185929647
5992270,0,0.4589401,0.6630945053963757,34.1,0.0010973227993018,0.948,57.47905791923399,21149.86386785996,0.0012461016117878,0.0015541598283868,3.45,4338.0,38.988846,11.155985,176.993770542866,0.9998187468936612,0.0001777859983443,0.33,5.538693467336683
10186945,0,0.35283557,0.626682005218609,23.7,0.0001315147984817,0.4,2.696342037921045,103.41141325378028,0.0003919311983787,0.0002017219645593,1.14,5077.0,11.349193,3.7981715,119.53355046388482,0.9999049555430276,2.9324927892648844e-06,0.33,26.170854271356784
12885212,0,0.69528997,0.491508281854267,23.6,9.880613546069076e-05,0.004,2.4486538751277216,21.33108080795244,0.0003371547901015,0.0001000832778623,1.27,4620.0,19.914774,4.28266,168.56777670000187,0.9998851769394654,8.781561970927498e-07,0.33,13.33467336683417
5387843,0,0.649708,0.7143381306965126,55.6,0.0001444012451712,0.832,9.061066578014216,91.2440986446575,0.0003383693645784,0.0001909572981707,2.09,5985.0,42.253517,4.8508654,107.95406706353954,0.9999338031216078,7.975626943768077e-06,0.2,10.447236180904522
10064256,1,0.6236852,0.9407405728954475,16.1,0.0001714229619074,0.26,2.8460661260165274,246.89341028745125,0.0005600537602153,0.0002419539443451,1.02,5452.0,12.840978,4.440677,79.84563325886329,0.9999107013006516,1.7265672550892397e-05,0.33,26.185929648241203
10619142,0,0.40316603,1.0224719120524317,16.5,0.0002079943642151,0.74,3.26549744297788,41.51289931389464,0.0004397771633685,0.0003015516208727,2.9,9206.0,15.128811,3.902719,109.43917102767185,0.999879264747314,1.802865454036961e-06,0.15,18.4070351758794
9027841,0,0.6226887,0.7255698307974038,96.8,0.000344270963486,0.962,6.528012941268314,85.46840117583997,0.0004217812669906,5.724759356806608e-05,2.97,4898.0,10.537706,4.0778275,113.09641623006364,0.9999076394477058,3.3386607176666416e-06,0.05,14.112562814070351
9825174,1,0.5118019,0.2855745567173862,20.0,5.748631758774854e-05,0.202,1.8866419133101224,17.0615601293748,0.0002024847673873,5.411599879401319e-05,1.22,5618.0,14.914763,3.589886,121.49447164039042,0.9999139084366788,6.0020980137132085e-06,0.33,9.91356783919598
7989422,0,0.67108923,1.831687601894557,26.2,0.0001230654189579,0.012,20.76566973698461,1118.1120672279371,0.0001941390358044,1.743943142318294e-05,2.05,5957.0,29.119204,11.943128,31.51070467636529,0.9999838032061796,1.0602747497756582e-05,0.1,7.47763833
7136729,0,0.6647458,1.2440479386106404,16.2,0.0012970912226434,0.211,12.889228226257258,32716.84716435854,0.0020647001052882,1.7016259974744763e-05,0.91,5369.0,20.517807,3.8491251,110.16637268883164,0.9994503935063273,3.102162964818689e-05,0.33,15.57788944723618
9842890,0,0.6515802,1.0015176430156274,52.9,0.0001982010359177,0.939,28.71649544938029,202.74622545929645,0.0007258777415564,0.000155751052466,2.59,5819.0,34.12135,5.587559,152.65816531993644,0.99983279339295,0.00019685620053,0.33,4.9883872
6153407,1,0.42277566,0.68285766802066,8.6,0.0001827674650456,0.944,2.7978508372034288,4114.482984876385,0.0002774359084436,5.341746107156986e-05,1.03,5721.0,15.230945,5.0953517,59.22971658608068,0.9999188682604184,2.6418205600120537e-05,0.33,18.74874371859297
9702006,1,0.5267265,0.2534562426530982,11.9,0.0002589888053026,0.594,11.534591827617676,737.9932597505215,0.0002457706278655,0.000337643312986,1.06,4858.0,10.802183,3.2414126,169.99357495812706,0.9999106227937976,4.080110816440108e-05,0.33,6.24564633
10555365,0,0.4256626,3.479807989108665,118.1,0.010806870995312,0.478,16.570124268626888,4771.224885974505,0.0204366083232943,0.0008084868705824,14.0,5687.0,202.84846,31.137888,994.1718055375007,0.9979367450988488,0.0001346558163393,0.25,23.200000000000003
11657614,1,0.6825022,0.964572729941242,5.8,0.0030286777770419,0.505,10.112377270002634,44318.62655486914,0.0037937819378429,0.0011531314614237,1.52,4891.0,9.840206,3.829579,188.36288506469137,0.9980816000753332,0.0005920721983907,0.33,27.63819095477387
8046689,0,0.69723696,0.4458220341060918,15.4,0.0001374446312545,0.163,2.471256126270608,21.190952014683585,0.0002652393396721,4.154523998550763e-05,1.91,6555.0,13.440632,3.6622531,115.68340749536227,0.9999128679859332,8.655929766954173e-06,0.1,14.463316582914572
8129005,0,0.56863755,0.4074305164482876,11.8,6.025134899103013e-05,0.786,2.251481630565596,21.507001747068102,0.0001698157917908,0.0002121099630711,1.18,6354.0,10.650661,3.766749,94.848809168319,0.999944893167999,1.4910021676639572e-05,0.33,7.1403113
11403044,1,0.6893866,1.048939911748927,128.6,0.0003646234284822,0.597,19.305839277531383,198.9016059372321,0.0006085454280259,0.0001543402132026,4.43,6174.0,94.70979,9.387555,165.8192298548006,0.9998987131267976,9.42971339590315e-06,0.15,17.87638190954774
5957181,0,0.30549744,0.8733590598785733,21.2,0.0004431519503001,0.2607,4.216935261486403,339.0309711088698,0.0009058538816132,5.4777178035314567e-05,2.27,3994.0,26.0517345,5.9754972,277.37776672180644,0.9997985809577586,2.5820210595162152e-05,0.33,28.44723618090452
7596240,1,0.6826085,0.6883571365160693,13.6,0.0001885178296947,0.375,2.233659476829667,23.38782842383685,0.0002909879576592,0.0001523548238097,1.51,6401.0,11.532616,3.2391007,71.58083081804415,0.9999162288059243,9.325712295726872e-07,0.05,32.87638190954774
7133294,1,0.6895028,0.6556868957749519,14.7,5.462851178415975e-05,0.617,2.267981527808092,40.102805837562144,0.0001544204965978,5.660835326576352e-05,1.25,5771.0,9.935193,3.6048357,44.4252595811637,0.999949687080623,2.5529979110761047e-06,0.33,32.767839195979896
7972785,0,0.5337523,4.32736295437641,1640.0,0.0062093856648415,0.446,488.1584367739939,201885.9994696921,0.0079508416985596,0.0001659861388898,13.32,6434.0,1341.889,121.105415,86.67268156460155,0.9996627497366348,8.987597817533555e-06,0.33,29.210050251256284
9021075,1,0.4398799,0.6712937205468381,11.5,0.0001564818468882,0.1,2.2341679680577458,20.320728246437632,0.0005828873835828,7.131456178888218e-05,1.4,5008.0,10.5991125,3.8090513,176.2229535279795,0.9998020771700572,2.252438743211016e-05,0.33,27.91557788944724
6922244,1,0.5263533,1.4111121949432486,1741.5,0.0010512989756108,0.631,119.75331689464116,31359.517586788814,0.0016961274911562,8.869759218632645e-05,14.59,6225.0,1725.5824,130.83832,58.55417699207697,0.9997320023933632,6.422297804342669e-06,0.33,14.082412060301506
12121470,0,0.46095487,0.5824282363856901,23.1,9.18771600763613e-05,0.297,2.212106142884437,31.011626679962525,0.0002606214545182,9.924857192422644e-05,1.46,6382.0,19.829435,4.389618,84.8911147902963,0.9999218774602836,4.3999210304068725e-06,0.25,21.959798994974875
3438976,0,0.49204236,0.5014620389772166,13.0,6.991655967735904e-05,0.243,5.636822119668071,47.90385221450094,0.00015013061034,9.60619165156773e-05,0.79,6202.0,11.676298,4.693857,55.28298496781248,0.9999595424242774,4.5289650514313e-06,0.15,11.904522613065328
5709889,0,0.61976403,0.7244388325149166,20.6,0.0001728609221075,0.292,5.431806239249342,216.9449618122456,0.0003202587884882,0.0001078881621171,0.58,3945.0,14.1411295,3.6987565,125.52986611132197,0.9999188635124776,2.9118073752165685e-07,0.33,23.170854271356784
9842906,0,0.47218117,0.7662067674391799,42.4,0.0001018592405106,0.944,16.44490254384819,121.19459922881872,0.0005223889745391,0.0001076117669505,3.28,6418.0,29.411352,5.2359495,149.91959856954463,0.9998606657797614,0.0001688848057672,0.33,4.9883873
3117046,0,0.35512212,0.0842488844690329,12.9,1.583282432092352e-05,0.317,2.661014437269606,14.22738269122793,4.443521656982696e-05,2.914774082374283e-05,2.37,6373.0,9.6717615,5.3597198,93.29451810444444,0.9999819631854896,3.2131586134021006e-06,0.25,1.1678391959798995
8299955,0,0.42456603,0.8610870160951453,26.7,5.68494159758985e-05,0.769,2.629714692892029,65.56795844556135,0.000137578724507,6.390566424718802e-05,1.19,6180.0,22.632936,3.955362,38.09506488518828,0.9999603940182972,2.241419261084232e-06,0.33,32.197989949748745
8258171,0,0.4764233,0.3683422833284375,65.8,2.0150012024862407e-05,0.711,14.805174476626084,371.173357597748,2.82082264717598e-05,1.184861760727962e-05,3.84,8308.0,43.84672,11.986819,22.06179740788044,0.9999942165104374,1.7183351084248957e-06,0.33,4.287437185929648
6185496,0,0.5887867,0.9021783962082236,31.2,0.0003411240621952,0.377,2.699214115559576,101.38042440623497,0.0007678953427598,0.0001850068254804,1.43,4904.0,16.55898,3.766993,198.23466874768147,0.9998011885962697,6.109796549402802e-05,0.33,33.14673366834171
4459924,0,0.30996946,0.4844500113631644,23.0,6.326074100735456e-05,0.372,3.027096615892589,39.61235050394992,0.000123293683786,0.0001264894456968,0.81,5138.0,18.046244,4.14051,57.01269225564618,0.9999534053187772,9.9650778042637e-06,0.2,15.97185929648241
8582291,0,0.5259869,0.5592215361787494,22.1,0.0001110212497042,0.689,2.690228168298133,44.88982412316516,0.0002498329208634,3.818180352721523e-05,1.22,5516.0,17.424297,4.9203672,93.55196258354071,0.99990563688681,3.647903457748569e-06,0.33,27.039195979899496
6351097,0,0.4898504,0.698668447748495,17.0,9.37797394561536e-05,0.747,2.54992375176502,58.456416690948224,0.0002439696305613,9.825617252878782e-06,1.36,5753.0,13.794086,4.254608,62.63341631508954,0.9999277965937812,1.7799779525873305e-06,0.33,33.68442211055276
2708343,0,0.35220048,0.7600350285321318,17.6,0.0022093749222827,0.439,43.93541101404277,27468.44596326553,0.00446859969543,0.0008129227323235,0.9,4476.0,17.892231,3.7819645,209.06351904281647,0.9991742854635098,0.0009313630412226,0.33,10.510552763819096
5097868,0,0.6616453,0.5884089993268187,14.9,0.0001275084827815,1.0,2.854528616665473,47.78235291922705,0.0003308805598812,4.428593743166509e-05,2.6,5836.0,12.355037,3.471076,113.31162827731085,0.9998812126495216,3.013608402824275e-06,0.33,28.047236180904527
11650401,1,0.5993045,0.640672144026614,12.7,0.0001552477537835,0.278,2.008214978127458,19.497668773175167,0.0005015219562553,6.737603185480445e-05,1.4,5376.0,10.508349,3.0182116,201.093099501632,0.9998082755814264,3.151484019303652e-06,0.33,20.43819095477387
5306383,0,0.31073454,0.7654234727743232,8.8,0.0009083682633707,0.266,5.399030026315586,14662.562762567552,0.0011025632055888,0.000226747737317,0.9,5765.0,11.996255,6.438646,101.41435053026768,0.9997396108069212,4.361779290129597e-05,0.33,27.783919597989943
10201891,0,0.3040086,0.5852414980362044,14.9,0.0001553751460899,0.1243,2.000374457561915,17.936786333653306,0.000221774997131,1.246023423301379e-05,2.09,5966.0,26.0517345,5.9754972,71.32689653353582,0.9999237244638458,5.151613484688511e-07,0.05,29.2964824120603
10554967,0,0.33813742,0.8439425193115552,29.9,0.0002141854856866,0.489,2.0425143033032693,19.48930628667773,0.001068091312897,8.304388098528959e-05,1.81,5508.0,12.38654,3.708052,169.4829528988722,0.9998020023182592,1.6023597069203532e-06,0.15,19.311557788944725
9838414,0,0.60493594,0.5577973820614792,17.5,0.0009308547707882,0.936,7.02038449975448,46.53063240058354,0.0014638093055262,0.0004301400818279,3.65,4611.0,10.215344,3.2063742,527.3712031608749,0.9995200686503212,0.0004569287399682,0.2,1.33261458
7598111,0,0.34155032,0.453926597257449,10.6,0.0010987046999596,0.735,2.4924840638651435,22.78305368748692,0.0040964720093301,0.0009674359264795,10.38,5780.0,12.600912,7.028954,1751.5523132066492,0.9986423630631563,0.0001456888127295,0.33,16.391959798994975
9353742,1,0.5614416,0.7595198194963338,47.4,0.0001628205355972,0.013,4.59790848039292,51.70684094022786,0.0002770285851045,2.0515352077254967e-05,1.46,5497.0,38.891384,4.5827007,81.04769664908619,0.9999275193461872,2.0205388135963176e-06,0.1,21.58994974874372
7542369,0,0.40817934,0.7468767816153571,21.2,8.483898148982151e-05,0.4,2.750361809501185,57.18706855407056,0.000196935029144,9.121376865528497e-05,1.25,6319.0,16.966082,4.6342335,53.36994047055386,0.999935880441998,5.006730914081103e-06,0.33,33.167839195979894
9899141,0,0.37569392,2.1540511652020995,18.8,2.9441313888091176e-05,0.456,2.1416501298110795,41.27347493383172,0.0002209969563727,1.4167891582150818e-07,0.46,5655.0,14.64569,6.0608706,22.961458526677585,0.9999776904010628,5.7936260309254806e-06,0.25,32.06030150753769
7906739,0,0.411606,0.7734882657674562,27.5,6.168053170825733e-05,0.687,4.794592141644959,118.82913817737912,0.0001449530762688,2.7839829408460304e-05,1.02,5912.0,23.824995,5.7414393,36.96750134395479,0.9999744095069044,2.2943828275057143e-05,0.33,7.01476115
4832175,0,0.37171564,1.0074188334882326,13.9,0.0006476356708426,0.022,4.07280302527027,428.0624553252956,0.001202128171725,7.649913372576034e-05,0.88,4464.0,12.351125,3.9122555,214.50213978821265,0.9997217261950432,0.0001038694659886,0.33,31.74874371859296
11413812,1,0.6373244,1.403601315400362,37.8,0.0002468048705061,0.439,12.80399480088086,128.6183535443515,0.0003809521009818,1.1730699206569106e-05,1.82,5988.0,32.973896,4.954757,68.6954408022705,0.9999343424161268,7.761437836650842e-06,0.1,28.26733668341708
6960456,0,0.58993065,0.4152934045294985,26.7,8.244203664409361e-05,0.53,3.0024148877176446,51.36001397037951,0.0001872477752666,4.466986335699419e-05,1.38,5448.0,20.756702,5.6879315,109.7915144215501,0.9999328636359684,5.658294743637882e-06,0.33,14.543718592964826
6507427,0,0.43417877,1.5649611761995077,13.2,0.001169689010595,0.051,45.39122712330275,17142.98760922595,0.0014386156425785,1.075715816134526e-05,1.77,6046.0,16.721176,6.6035542,168.3991336363105,0.999810830991343,5.507926486347792e-06,0.33,18.592964824120603
5078025,0,0.3535084,0.6161110950972302,19.7,0.0001569728791133,0.985,3.4401887304568097,69.53508450423355,0.0003307169101667,4.379458588615881e-05,1.34,5904.0,9.871748,3.9735782,119.2000971466514,0.9998872148950098,1.0151357829890628e-05,0.33,20.02010050251256
