kepid,probability,tier
8043638,0.99870527,High
10717241,0.99860317,High
10656508,0.9981812,High
8121310,0.99775946,High
5613330,0.9975062,High
7021681,0.99737227,High
3559935,0.9973285,High
6508221,0.997033,High
3128552,0.9969764,High
8760040,0.9969001,High
6289650,0.9964425,High
12600735,0.99635565,High
10016874,0.99626154,High
11623629,0.9962404,High
4860678,0.99611366,High
5546761,0.9960019,High
3425851,0.995915,High
5881813,0.99571025,High
5031857,0.9955373,High
7219825,0.9954389,High
9349757,0.9954336,High
4832837,0.99536115,High
10928043,0.9953413,High
6185476,0.9952508,High
4770617,0.9951994,High
10662202,0.9950406,High
1432789,0.9949509,High
5978559,0.9944936,High
8934103,0.9944859,High
4831728,0.9943902,High
5299459,0.9939942,High
6862328,0.99384755,High
9414417,0.9936047,High
3240158,0.99348456,High
5184911,0.993374,High
5131180,0.9933658,High
10545066,0.9932126,High
11153121,0.99314696,High
9347899,0.9930924,High
6300348,0.99309,High
8261920,0.99299765,High
4932442,0.992892,High
7841925,0.99283,High
2854181,0.99255836,High
7825899,0.9925195,High
12154526,0.9922084,High
10718726,0.99207664,High
9489524,0.9918554,High
8226050,0.9917366,High
9958962,0.99166954,High
4951877,0.99166906,High
10272442,0.9915496,High
12208631,0.99143326,High
4157325,0.99085253,High
11395587,0.99072415,High
2973386,0.9907019,High
11570749,0.9906996,High
9119458,0.9905143,High
12116489,0.990457,High
9117416,0.9903503,High
6705026,0.9902603,High
8265218,0.99017566,High
5080636,0.98996806,High
5695396,0.9899586,High
10730703,0.9898775,High
5526717,0.98943335,High
11709124,0.98937255,High
4645174,0.9891171,High
7449554,0.9890738,High
7107802,0.98879343,High
8949925,0.988739,High
2449431,0.9887023,High
10005788,0.9883913,High
2579043,0.9881875,High
3747817,0.9880949,High
10285631,0.9880619,High
7778767,0.987553,High
12266636,0.9872728,High
8644545,0.987176,High
9664276,0.98682445,High
11810124,0.98654073,High
9904006,0.98649085,High
9605514,0.986446,High
5542466,0.98636013,High
9425139,0.9861101,High
7285757,0.9858365,High
9634821,0.9857399,High
10793172,0.98565334,High
6716545,0.9855768,High
8709688,0.98557043,High
3554031,0.98555773,High
11129738,0.98552775,High
7512982,0.98510474,High
12366084,0.98477143,High
10798331,0.9845258,High
3937814,0.98442936,High
8247770,0.9843205,High
3765917,0.98408115,High
4736569,0.98400855,High
12105051,0.98372793,High
2832589,0.9836224,High
9872283,0.983433,High
5563300,0.98334163,High
8313667,0.98288774,High
6697605,0.98239475,High
8168187,0.98213714,High
6029239,0.9821323,High
8218379,0.9817401,High
5856571,0.98157483,High
8162789,0.98151875,High
6837146,0.9812387,High
6779260,0.98108643,High
5906426,0.98099846,High
4676964,0.98048073,High
6705142,0.9801586,High
5602588,0.98010606,High
4349442,0.9796999,High
9579641,0.9794103,High
7047922,0.9793211,High
9886361,0.97921866,High
6359320,0.97846687,High
4242147,0.9780792,High
5966810,0.97771674,High
9202151,0.97759265,High
9286088,0.9772563,High
11026304,0.977234,High
6934986,0.9770672,High
6871071,0.976599,High
11918099,0.97628593,High
5621333,0.9760425,High
5972334,0.97599006,High
11656918,0.97590804,High
9782748,0.9758992,High
7733731,0.9756447,High
3558849,0.9756276,High
7673192,0.97561634,High
4060229,0.97557753,High
3447722,0.97544754,High
4478168,0.9749063,High
6946199,0.97476494,High
6867555,0.97475797,High
7119481,0.9746314,High
7983117,0.9745038,High
8260218,0.97411126,High
6041734,0.97409093,High
7375348,0.97406864,High
10794087,0.9737055,High
8212002,0.9736115,High
8266276,0.9735885,High
6436029,0.97338766,High
9086154,0.97329164,High
9006186,0.9724938,High
11253711,0.97246706,High
4552729,0.97219354,High
3559860,0.97213453,High
5531694,0.97209215,High
9427402,0.9720337,High
1717722,0.9715261,High
11336883,0.9710028,High
7377343,0.9709807,High
10141900,0.97058994,High
6058816,0.9705879,High
7918652,0.970502,High
11520459,0.9704861,High
6975129,0.9704048,High
5374838,0.97036886,High
9478990,0.97030324,High
8105398,0.9695481,High
8240904,0.9694299,High
10290666,0.9687951,High
7289317,0.9681971,High
8639908,0.9680856,High
8631160,0.9675135,High
6543893,0.9674463,High
10917043,0.9672588,High
7767162,0.96697134,High
1724719,0.96653837,High
8197793,0.9664277,High
6221385,0.9660628,High
6372194,0.96601117,High
4670217,0.9659691,High
10122538,0.96573526,High
4471747,0.9652312,High
7984047,0.965163,High
12737015,0.9646949,High
5956656,0.96403396,High
8822421,0.9639701,High
10875007,0.96385753,High
9716028,0.96368545,High
4846856,0.9631728,High
1996180,0.9629037,High
5787131,0.9628409,High
9973109,0.9621325,High
10073672,0.96205544,High
9015738,0.96165127,High
2715695,0.96141464,High
12253769,0.9610985,High
10964440,0.960899,High
9514372,0.9608891,High
8189801,0.96057653,High
9532710,0.96054953,High
4857058,0.9604941,High
10028792,0.96048003,High
3548044,0.96015483,High
7673841,0.95957506,High
7984574,0.95956856,High
9100953,0.95924884,High
2443393,0.95900595,High
6103377,0.9588629,High
10597693,0.958499,High
7887791,0.9583529,High
9995771,0.9580528,High
5706595,0.95803654,High
6364582,0.95803213,High
10157458,0.95759153,High
9153823,0.9569523,High
7033233,0.95690846,High
2975770,0.9564326,High
2446113,0.95640075,High
6438099,0.9560697,High
6067545,0.9553418,High
11036168,0.9550342,High
8684730,0.95491755,High
3634051,0.954669,High
4164922,0.954538,High
7620413,0.9541797,High
6719086,0.95413315,High
2716801,0.9538642,High
6268648,0.953846,High
7834045,0.95342374,High
6679295,0.9527953,High
5175024,0.9525614,High
11705004,0.95184696,High
3561464,0.951686,High
7768451,0.9515407,High
4947556,0.9515327,High
3648437,0.9510188,High
7906882,0.95057297,High
7630229,0.95049316,High
10155029,0.9502828,High
4385148,0.9496469,High
11566064,0.9495194,High
4472818,0.94936746,High
5039228,0.9487668,High
8345384,0.9484455,High
3348216,0.94730955,High
3865815,0.94706464,High
3245969,0.94698864,High
5688683,0.94652796,High
8264402,0.94623446,High
2853780,0.94596386,High
3219643,0.94584984,High
9602613,0.94531864,High
8951215,0.9453,High
10749059,0.9451239,High
8827575,0.94499063,High
11358389,0.943834,High
4172746,0.9434164,High
11360805,0.9433967,High
6768394,0.94319284,High
9896018,0.94250876,High
9288237,0.9422908,High
3329204,0.94159776,High
9100484,0.94117016,High
8013419,0.9401202,High
9166700,0.9393068,High
7976520,0.9387495,High
4274548,0.9384886,High
11622985,0.93822825,High
12785320,0.9374771,High
12301181,0.9361958,High
6119141,0.9360294,High
9574179,0.9358227,High
8827930,0.93534386,High
9026749,0.93527734,High
8396405,0.93426806,High
8548454,0.93388635,High
5003670,0.93387765,High
4464394,0.931977,High
10467714,0.93170536,High
6198182,0.93148166,High
11656928,0.93124527,High
5513648,0.9311367,High
5193659,0.9307345,High
12456063,0.9304947,High
5553959,0.9289645,High
6607286,0.9283087,High
10916600,0.9280039,High
6879183,0.9268931,High
4735826,0.92658514,High
5211199,0.9263323,High
11518201,0.9254676,High
3734418,0.9250595,High
11075279,0.9249234,High
3002478,0.92203456,High
7765528,0.92194957,High
11773174,0.92194057,High
11391755,0.9217839,High
4074736,0.92155063,High
9411166,0.91919714,High
9221517,0.9191597,High
4548011,0.9186794,High
6290935,0.9180039,High
8509442,0.91681844,High
4820550,0.9164126,High
8836888,0.9159202,High
9274092,0.9159123,High
9955262,0.9143231,High
9391817,0.9140972,High
7609553,0.91401166,High
10265898,0.9135985,High
8624520,0.91344756,High
8873090,0.91338277,High
6937529,0.91308093,High
8644365,0.9098452,High
11414368,0.9096606,High
8160953,0.90899307,High
11974540,0.9077365,High
7813039,0.90765584,High
3539231,0.9075492,High
6593150,0.9072615,High
7901016,0.90688723,High
6026737,0.90684706,High
11506654,0.9065791,High
12406807,0.90574735,High
2837111,0.9033782,High
9020114,0.9031807,High
9512981,0.9020412,High
11181260,0.9007576,High
11152511,0.9007551,High
10089911,0.90069735,High
5903749,0.9002528,High
5511659,0.89970905,High
8874090,0.8983553,High
7663405,0.8972677,High
8813698,0.8970578,High
7100673,0.89689636,High
11967788,0.8967943,High
6955671,0.89560664,High
10000941,0.8935447,High
8241079,0.8934925,High
4474462,0.8933731,High
11462341,0.89329726,High
9947389,0.8930834,High
6357290,0.8922932,High
6776555,0.8920578,High
6441738,0.89050806,High
12110901,0.89037365,High
6949898,0.89010805,High
9283156,0.8884782,High
9712350,0.88763726,High
10812541,0.88594055,High
3097926,0.8858908,High
5008245,0.8858528,High
4830605,0.8842551,High
11013201,0.8836727,High
8259713,0.88322884,High
11125797,0.8832162,High
8890924,0.88315815,High
7199397,0.88297886,High
8280511,0.88283974,High
9389245,0.8824031,High
5629353,0.88158727,High
11716643,0.8808532,High
9966219,0.8791113,High
5552562,0.87903017,High
5613821,0.87735933,High
7899070,0.8772333,High
7772914,0.8769653,High
7289139,0.8765132,High
4247991,0.8764933,High
4367854,0.874887,High
11026582,0.8744689,High
10554421,0.8739252,High
6140059,0.8715333,High
8892157,0.8708968,High
7539277,0.87031126,High
10064591,0.86968297,High
9330740,0.8695336,High
6209677,0.8694834,High
9772531,0.8668285,High
9828127,0.8646143,High
4918309,0.86415195,High
7501646,0.86386234,High
7256914,0.8638198,High
11030475,0.86313313,High
10867062,0.8630271,High
8613535,0.86229175,High
12256520,0.861487,High
1431122,0.86033183,High
6359926,0.8586004,High
9491832,0.8562247,High
7191523,0.8561792,High
10198662,0.85604507,High
11124436,0.85476017,High
9221528,0.854748,High
5385410,0.85473067,High
9815053,0.8540217,High
5255259,0.8533427,High
8546542,0.8531349,High
9883606,0.852389,High
5730445,0.85216135,High
3848966,0.85141796,High
11968463,0.8500228,High
10552151,0.8491943,High
9334893,0.8486976,High
7199906,0.8477574,High
10395543,0.84664714,High
11074835,0.84538275,High
4939265,0.8452299,High
3645438,0.84467316,High
5710069,0.84462154,High
11073656,0.84352314,High
8804455,0.8428972,High
8636539,0.8418426,High
5431027,0.84022737,High
6276791,0.83968943,High
11922778,0.83950764,High
5457326,0.8373827,High
8773015,0.8355614,High
7812990,0.8355261,High
8894646,0.8324529,High
11870545,0.8322362,High
8018547,0.83160734,High
11350118,0.8297126,High
4773392,0.8261246,High
8631751,0.8257226,High
7833305,0.82543963,High
10865043,0.8244246,High
9697131,0.82243365,High
7748487,0.82219976,High
6144039,0.82096815,High
3752110,0.8198759,High
11298442,0.8181954,High
7296438,0.8166447,High
7770901,0.8157436,High
4851530,0.8155607,High
8282651,0.8141432,High
7750419,0.8133486,High
9727765,0.8129094,High
10414727,0.8115106,High
5531953,0.8104683,High
1721157,0.8089203,High
11296045,0.8087026,High
6200810,0.80846477,High
3101923,0.8054169,High
11046723,0.8051028,High
8240790,0.8034946,High
9700449,0.8032851,High
4919550,0.80297464,High
3534076,0.8025688,High
7631138,0.80127853,High
8644911,0.7996971,High
8125917,0.7977165,High
6369131,0.796136,High
4172805,0.7946085,High
4047631,0.79421115,High
6523351,0.79275596,High
11652427,0.79239255,High
11818566,0.7911937,High
6347890,0.79071116,High
4249611,0.7884088,High
11966643,0.7876137,High
7517261,0.78286266,High
10843431,0.7823786,High
8905246,0.7806092,High
7767781,0.77903223,High
10878117,0.77886575,High
4262040,0.7785641,High
8872048,0.7773302,High
6350882,0.775881,High
9579208,0.77500004,High
9214713,0.773805,High
10678912,0.77354056,High
4277304,0.7734256,High
3122872,0.7724158,High
8552202,0.77100915,High
5129453,0.77093494,High
10844890,0.77027917,High
5004909,0.7656129,High
4049901,0.7648331,High
5306984,0.7644181,High
9292100,0.7613692,High
6359929,0.75903285,High
11856178,0.7587153,High
7609674,0.75601405,High
2997459,0.7531085,High
6974658,0.7522288,High
4939533,0.75032234,High
3663173,0.746872,Medium
5352640,0.746459,Medium
7907808,0.74521583,Medium
4276716,0.7424644,Medium
6946681,0.74088824,Medium
7446631,0.74046534,Medium
9580992,0.7387843,Medium
8581240,0.7380897,Medium
12071754,0.73598677,Medium
6947668,0.73396724,Medium
8374077,0.7332462,Medium
2852810,0.73247516,Medium
7801070,0.7314205,Medium
8227464,0.7311557,Medium
9881660,0.730062,Medium
9140402,0.7287478,Medium
7881464,0.7284292,Medium
11341164,0.7264064,Medium
6837283,0.72253317,Medium
5792202,0.72207165,Medium
12645057,0.72181165,Medium
5954001,0.72132957,Medium
10190075,0.7194193,Medium
10200627,0.7191993,Medium
8040308,0.7191556,Medium
12647577,0.71885866,Medium
8365739,0.7182571,Medium
12350136,0.71772075,Medium
11357664,0.7153892,Medium
8429817,0.714617,Medium
11071200,0.71414465,Medium
8094942,0.71387523,Medium
10265602,0.71311504,Medium
11100170,0.7124663,Medium
5551672,0.7089764,Medium
10850327,0.7084082,Medium
12734396,0.706786,Medium
10319385,0.70642364,Medium
9574158,0.70616174,Medium
10397751,0.70112425,Medium
10813078,0.70061177,Medium
5283458,0.69846356,Medium
1718189,0.69628984,Medium
6364215,0.6951917,Medium
10336951,0.69401354,Medium
6867155,0.69348365,Medium
7135549,0.692373,Medium
7017274,0.6904824,Medium
5475042,0.68939906,Medium
11176166,0.6893437,Medium
4770174,0.6890237,Medium
9031703,0.68521917,Medium
11493378,0.6810266,Medium
2861126,0.67523426,Medium
11361283,0.6737571,Medium
6697817,0.672647,Medium
12602314,0.67105824,Medium
9642018,0.6639804,Medium
11970988,0.6634425,Medium
5985713,0.6629034,Medium
4063943,0.66031337,Medium
5095635,0.6597946,Medium
8120820,0.6579386,Medium
10394802,0.65722114,Medium
9002538,0.656375,Medium
3223433,0.65445125,Medium
10098540,0.65214384,Medium
4902202,0.6501703,Medium
11145637,0.64994144,Medium
3236705,0.6486636,Medium
9230021,0.64785194,Medium
6372268,0.6474017,Medium
9872292,0.6459154,Medium
9304976,0.6459049,Medium
5802637,0.6442313,Medium
8349399,0.6426268,Medium
9452897,0.6403209,Medium
4945764,0.6371328,Medium
10352333,0.63595665,Medium
8493354,0.6353216,Medium
6116172,0.6352848,Medium
4750669,0.63312715,Medium
11600299,0.6327413,Medium
10647452,0.6313556,Medium
9345933,0.62974334,Medium
2852941,0.6254445,Medium
10140274,0.6237425,Medium
6697976,0.62234294,Medium
7499398,0.6223202,Medium
12204137,0.62195647,Medium
4466677,0.6208857,Medium
8007174,0.6181917,Medium
7918478,0.61721176,Medium
9456281,0.61473966,Medium
10287723,0.6135388,Medium
6346894,0.61315066,Medium
11773328,0.61116457,Medium
10586619,0.6105519,Medium
7106173,0.61003345,Medium
10904004,0.6098572,Medium
7811397,0.60313344,Medium
10191449,0.60311556,Medium
9967009,0.5986928,Medium
3340165,0.59746337,Medium
10917433,0.59731776,Medium
11601633,0.5969075,Medium
10815677,0.5965854,Medium
4844470,0.5957362,Medium
10027861,0.59120727,Medium
10907132,0.5909898,Medium
6034834,0.5896335,Medium
6307083,0.5885355,Medium
2985587,0.58749235,Medium
4638237,0.5856061,Medium
9017682,0.58560085,Medium
10794974,0.5834544,Medium
9008103,0.58216715,Medium
6765135,0.5820315,Medium
8494783,0.57697845,Medium
11251991,0.57553476,Medium
10658177,0.5745296,Medium
4914221,0.57433724,Medium
11019739,0.56361777,Medium
10319834,0.56150055,Medium
3962440,0.560886,Medium
11145391,0.5564551,Medium
9282853,0.5553414,Medium
7098255,0.55162805,Medium
4935172,0.55159694,Medium
5651846,0.55140847,Medium
8096395,0.5498918,Medium
7191646,0.53879726,Medium
6517064,0.5354519,Medium
4346339,0.53393495,Medium
8176564,0.53226113,Medium
11021676,0.5311675,Medium
2853446,0.53059244,Medium
12506986,0.5280333,Medium
4912650,0.5263052,Medium
4450844,0.52042776,Medium
9509343,0.52039725,Medium
6527078,0.51992893,Medium
7272132,0.5194789,Medium
11407847,0.51604843,Medium
4263529,0.50747716,Medium
11081504,0.50679076,Medium
9147012,0.5065327,Medium
11853130,0.5062613,Medium
4548098,0.5056106,Medium
8812045,0.5051961,Medium
2158460,0.50454193,Medium
6057750,0.50277215,Medium
7619236,0.5011246,Medium
2853029,0.49980465,Low
7461521,0.49515623,Low
2303903,0.49078092,Low
9993683,0.48790807,Low
5612697,0.48610365,Low
6025124,0.48345503,Low
5215508,0.48312747,Low
3001955,0.4791959,Low
3230805,0.47727117,Low
2986833,0.47439182,Low
7891294,0.4728295,Low
9836563,0.46998036,Low
3101178,0.4693177,Low
11076400,0.4632741,Low
5642620,0.46167517,Low
10991114,0.45640644,Low
10459749,0.45632082,Low
4770798,0.45408863,Low
11296437,0.45266262,Low
9958387,0.45228648,Low
7017372,0.44998708,Low
7094944,0.44935983,Low
5900235,0.4469401,Low
2305866,0.44457358,Low
11769689,0.44310573,Low
9532603,0.4395616,Low
11305417,0.437309,Low
2860866,0.43585068,Low
11444772,0.43260932,Low
7294743,0.43177652,Low
8811490,0.43093228,Low
9726452,0.4263235,Low
8695311,0.42457247,Low
10907307,0.41900042,Low
8222627,0.41808733,Low
12505590,0.416694,Low
7287683,0.41580302,Low
6665860,0.41515636,Low
11098013,0.41381857,Low
5384713,0.41248628,Low
9474756,0.4110437,Low
12120943,0.40849906,Low
5552808,0.40777597,Low
8682094,0.40754429,Low
9571186,0.4071814,Low
9994381,0.4066195,Low
8331612,0.40514928,Low
12066767,0.40304443,Low
3440978,0.40151197,Low
8628665,0.40112016,Low
5951140,0.40101415,Low
5888187,0.40086827,Low
9703198,0.4000775,Low
11182260,0.3999399,Low
6887030,0.39979315,Low
12458605,0.39945966,Low
7466270,0.39887896,Low
12690465,0.3962047,Low
5857656,0.39494506,Low
7661893,0.39476144,Low
8547213,0.3907928,Low
7380537,0.39023373,Low
10581308,0.3894996,Low
8838950,0.3871206,Low
4547603,0.38654408,Low
12265786,0.38492376,Low
8547537,0.38158363,Low
11657614,0.3772618,Low
12072872,0.37657395,Low
9079671,0.37381604,Low
2577353,0.37370756,Low
11872364,0.37310958,Low
9072639,0.3725535,Low
5475431,0.37124345,Low
6368905,0.36753377,Low
11773625,0.3624266,Low
12253474,0.3616396,Low
4762283,0.35820556,Low
3345675,0.35731554,Low
8216763,0.35700452,Low
8814872,0.35673144,Low
12251650,0.35621294,Low
12168895,0.35553098,Low
7757620,0.3545188,Low
8324518,0.35277838,Low
10163067,0.35272667,Low
3453214,0.34572068,Low
11391512,0.34505746,Low
11601972,0.34392795,Low
4270799,0.34319556,Low
8121328,0.34139255,Low
10586744,0.34132835,Low
10977671,0.33806592,Low
3230491,0.33584413,Low
9899345,0.3356666,Low
11818800,0.33480036,Low
8307489,0.33436447,Low
10460629,0.3329542,Low
3757521,0.32898828,Low
11811382,0.32873172,Low
5785279,0.3275377,Low
7949593,0.32495877,Low
9093086,0.32308286,Low
8613769,0.32179362,Low
9832379,0.31897047,Low
6523058,0.3171732,Low
9873004,0.3166113,Low
6264750,0.31655613,Low
5126182,0.31486693,Low
12509829,0.31479216,Low
8278685,0.31425002,Low
6021840,0.3115354,Low
7602351,0.31098917,Low
5294945,0.3089485,Low
5428199,0.30866283,Low
11905409,0.30733508,Low
4587135,0.3051076,Low
10118266,0.30445075,Low
6792908,0.30250478,Low
5184709,0.30093634,Low
5441980,0.30021188,Low
7205717,0.29706502,Low
10221013,0.29674917,Low
2849140,0.29672515,Low
9301564,0.29458416,Low
6520753,0.29439926,Low
8652997,0.2943872,Low
8098960,0.29371208,Low
8715589,0.2931391,Low
11819396,0.2921446,Low
11337012,0.2889709,Low
7537660,0.2882353,Low
8396288,0.28760412,Low
2576962,0.28656974,Low
8054719,0.28626168,Low
4141593,0.28514662,Low
10221505,0.28486478,Low
10584140,0.28091687,Low
11198419,0.2780109,Low
9534832,0.2774905,Low
6467363,0.27632168,Low
9575728,0.27416217,Low
12885212,0.2740005,Low
5529385,0.27383697,Low
9776794,0.27358493,Low
12168993,0.27319595,Low
4571844,0.272276,Low
4566848,0.27081302,Low
10917681,0.27029184,Low
6023571,0.2702305,Low
5425643,0.26990122,Low
6036286,0.2653676,Low
10264293,0.26354706,Low
4953173,0.26221812,Low
7130612,0.2609024,Low
10680424,0.25940663,Low
3242039,0.25919828,Low
5443320,0.2587679,Low
7771181,0.25852722,Low
4366323,0.2581237,Low
10991431,0.25517818,Low
3441795,0.25393742,Low
8105719,0.253493,Low
2310993,0.2510491,Low
9935983,0.24972166,Unlikely
7950158,0.249331,Unlikely
6045404,0.24799056,Unlikely
9936080,0.24740456,Unlikely
5633259,0.24703375,Unlikely
3355104,0.2469545,Unlikely
12266099,0.24633889,Unlikely
8482059,0.24555625,Unlikely
7758018,0.242495,Unlikely
10604521,0.24177137,Unlikely
11602794,0.24147695,Unlikely
4484179,0.24098188,Unlikely
8074328,0.23973912,Unlikely
6719052,0.23910019,Unlikely
9674789,0.23909852,Unlikely
10585749,0.2385471,Unlikely
7829836,0.23833661,Unlikely
12257999,0.2371972,Unlikely
5040077,0.23668605,Unlikely
10384298,0.23612736,Unlikely
8163784,0.23591042,Unlikely
7582691,0.23348178,Unlikely
7939761,0.23313102,Unlikely
7125794,0.23287527,Unlikely
9419020,0.23206128,Unlikely
7101726,0.23066218,Unlikely
9596064,0.22772595,Unlikely
7836096,0.22645134,Unlikely
9220614,0.22541,Unlikely
6223324,0.2253144,Unlikely
6839010,0.22371237,Unlikely
5253802,0.22146592,Unlikely
3545478,0.2211184,Unlikely
10257229,0.22101644,Unlikely
11905398,0.22037977,Unlikely
8283875,0.22009042,Unlikely
11288772,0.21872514,Unlikely
4139254,0.21837457,Unlikely
3550372,0.21826626,Unlikely
9267996,0.2177297,Unlikely
3863877,0.21706565,Unlikely
7700500,0.21570219,Unlikely
3765692,0.2154667,Unlikely
3103212,0.21483164,Unlikely
9340411,0.21412738,Unlikely
5642688,0.21326122,Unlikely
6878408,0.21315952,Unlikely
5819801,0.21280625,Unlikely
3219037,0.21110678,Unlikely
4544670,0.20943356,Unlikely
10663976,0.20909548,Unlikely
10793576,0.20730509,Unlikely
11803074,0.20547816,Unlikely
11465658,0.2051936,Unlikely
4135912,0.20470524,Unlikely
10471621,0.203953,Unlikely
9581589,0.20308362,Unlikely
7051180,0.20298362,Unlikely
9088780,0.201558,Unlikely
5021432,0.20134358,Unlikely
6197344,0.20083004,Unlikely
2019199,0.19974035,Unlikely
6019971,0.19972833,Unlikely
6266866,0.19867304,Unlikely
9953491,0.19821088,Unlikely
11348610,0.19810636,Unlikely
9087580,0.19791418,Unlikely
7690782,0.1963983,Unlikely
12734110,0.19598797,Unlikely
11599937,0.1958331,Unlikely
9947653,0.19524352,Unlikely
3249334,0.19465247,Unlikely
12170767,0.19427682,Unlikely
8747910,0.19409168,Unlikely
11674709,0.19287762,Unlikely
5859725,0.19248465,Unlikely
3751118,0.19210559,Unlikely
6964929,0.19084013,Unlikely
9147029,0.18920985,Unlikely
5385304,0.18815495,Unlikely
9005321,0.18810034,Unlikely
8505215,0.18664329,Unlikely
8295087,0.18522015,Unlikely
7416306,0.1847504,Unlikely
6511182,0.18440156,Unlikely
10802364,0.18381739,Unlikely
10855545,0.18354525,Unlikely
5171707,0.18351147,Unlikely
10920281,0.18332681,Unlikely
8656535,0.17960282,Unlikely
8741470,0.17957075,Unlikely
7416646,0.17936562,Unlikely
2302997,0.17930178,Unlikely
6946708,0.17884932,Unlikely
11340218,0.1788219,Unlikely
8845552,0.17845874,Unlikely
3647097,0.17767334,Unlikely
8301878,0.17706963,Unlikely
7363829,0.17704414,Unlikely
10810859,0.17673117,Unlikely
8233326,0.17545593,Unlikely
10079420,0.1754295,Unlikely
11294822,0.17504989,Unlikely
8590149,0.17492019,Unlikely
10552263,0.17453924,Unlikely
9893468,0.17399082,Unlikely
6043562,0.17248677,Unlikely
10519727,0.17239587,Unlikely
9413156,0.17234704,Unlikely
12016267,0.1722603,Unlikely
9114614,0.1721749,Unlikely
10879899,0.1715955,Unlikely
11655826,0.17148559,Unlikely
3968809,0.16992323,Unlikely
11392362,0.16970654,Unlikely
9513168,0.16919607,Unlikely
5780855,0.16840518,Unlikely
5597361,0.16832387,Unlikely
11393248,0.16706106,Unlikely
10618044,0.166437,Unlikely
8328916,0.16397023,Unlikely
7830953,0.16390689,Unlikely
4072955,0.1638965,Unlikely
4471313,0.16350459,Unlikely
7749002,0.16323121,Unlikely
8115647,0.16279161,Unlikely
12102775,0.16275059,Unlikely
10549902,0.16199717,Unlikely
8815279,0.16177349,Unlikely
7282470,0.16172172,Unlikely
11241560,0.16153806,Unlikely
3557560,0.16042884,Unlikely
4833409,0.16013007,Unlikely
5177859,0.16000336,Unlikely
3849187,0.15991603,Unlikely
9142714,0.159162,Unlikely
11182213,0.15910436,Unlikely
6603765,0.15746856,Unlikely
7668416,0.15565285,Unlikely
10685764,0.15557641,Unlikely
3450040,0.15553711,Unlikely
12156930,0.15425883,Unlikely
3834728,0.1529932,Unlikely
5184144,0.151328,Unlikely
8806985,0.15092912,Unlikely
10140122,0.15026337,Unlikely
3428127,0.14869213,Unlikely
6805414,0.14833277,Unlikely
2307199,0.14587985,Unlikely
3553900,0.14583431,Unlikely
9838804,0.14579871,Unlikely
7335514,0.14536397,Unlikely
3115833,0.144613,Unlikely
5946568,0.14439471,Unlikely
11191364,0.14417583,Unlikely
11973517,0.14370783,Unlikely
9334027,0.14363547,Unlikely
10991389,0.14358708,Unlikely
10601163,0.14283802,Unlikely
8570210,0.1422179,Unlikely
6507433,0.1420609,Unlikely
8494263,0.14156966,Unlikely
9456887,0.14125703,Unlikely
12401132,0.14116216,Unlikely
4478142,0.14082399,Unlikely
8129333,0.1404362,Unlikely
7917068,0.1397256,Unlikely
7905106,0.13955398,Unlikely
8094120,0.13926487,Unlikely
10387792,0.13899447,Unlikely
8752940,0.13831139,Unlikely
10407191,0.1381996,Unlikely
10933306,0.13760567,Unlikely
9758032,0.13704915,Unlikely
9776907,0.13669495,Unlikely
9300066,0.1366251,Unlikely
2970670,0.13594812,Unlikely
3103473,0.13558754,Unlikely
8946267,0.13494365,Unlikely
8571421,0.1340116,Unlikely
2557350,0.13324408,Unlikely
5197233,0.13274166,Unlikely
8396660,0.13242988,Unlikely
12009917,0.13085781,Unlikely
12554485,0.13082083,Unlikely
6526710,0.13018557,Unlikely
10000162,0.1294264,Unlikely
10487228,0.12919536,Unlikely
9178894,0.12913308,Unlikely
9157030,0.1289593,Unlikely
7979297,0.12856288,Unlikely
6670610,0.12665723,Unlikely
12417486,0.12654893,Unlikely
12007270,0.1262801,Unlikely
6197658,0.12602252,Unlikely
10737437,0.12595029,Unlikely
10028127,0.12586819,Unlikely
6368222,0.12513645,Unlikely
6025174,0.12372147,Unlikely
2994092,0.123301305,Unlikely
4372620,0.12299759,Unlikely
2992634,0.12271559,Unlikely
5353938,0.122491784,Unlikely
12071775,0.12246658,Unlikely
9658089,0.12240242,Unlikely
12735793,0.12232293,Unlikely
9007151,0.12223817,Unlikely
6869373,0.12196579,Unlikely
8888745,0.12185563,Unlikely
9773270,0.1214446,Unlikely
7018210,0.12054556,Unlikely
9397862,0.12052098,Unlikely
8443527,0.119948186,Unlikely
11082795,0.11839126,Unlikely
5965629,0.118245736,Unlikely
10198225,0.11811193,Unlikely
9944201,0.11678806,Unlikely
5342061,0.11625894,Unlikely
8574794,0.11551158,Unlikely
11355925,0.11538617,Unlikely
4048898,0.11518291,Unlikely
8107611,0.11483215,Unlikely
10989620,0.11474948,Unlikely
12300524,0.11455294,Unlikely
10291589,0.11450693,Unlikely
9099773,0.114092335,Unlikely
6842807,0.11380652,Unlikely
10090854,0.113630585,Unlikely
6607447,0.11330571,Unlikely
11804437,0.11313652,Unlikely
7009548,0.11247014,Unlikely
2861298,0.112419054,Unlikely
11129145,0.11202179,Unlikely
9111849,0.11178153,Unlikely
4737848,0.11160093,Unlikely
8378278,0.11155308,Unlikely
7186436,0.110147834,Unlikely
8439618,0.10946466,Unlikely
7747091,0.109349534,Unlikely
7812893,0.10906497,Unlikely
11021266,0.108519726,Unlikely
9229807,0.10821015,Unlikely
8355178,0.10819991,Unlikely
12554634,0.10782443,Unlikely
10120548,0.10742079,Unlikely
3112129,0.10737837,Unlikely
9674320,0.107028,Unlikely
11457664,0.10638705,Unlikely
6756369,0.10543509,Unlikely
6767227,0.1046699,Unlikely
9116510,0.10449763,Unlikely
9008220,0.10435033,Unlikely
10844823,0.104037166,Unlikely
9084569,0.10370653,Unlikely
10007916,0.1022417,Unlikely
5027859,0.10224145,Unlikely
6939913,0.1020355,Unlikely
6675757,0.10120527,Unlikely
7811211,0.10107545,Unlikely
6038152,0.100955,Unlikely
9157523,0.10059252,Unlikely
11456256,0.100298956,Unlikely
4996057,0.10028562,Unlikely
9596820,0.10024066,Unlikely
9659022,0.10023698,Unlikely
9969287,0.09990462,Unlikely
3425363,0.09845662,Unlikely
11393633,0.09839043,Unlikely
7515336,0.09700148,Unlikely
10339000,0.096652724,Unlikely
8626325,0.09647447,Unlikely
7199060,0.09588958,Unlikely
10452252,0.09580229,Unlikely
10535708,0.09555336,Unlikely
3854496,0.09530963,Unlikely
3548645,0.095209464,Unlikely
7762153,0.09365092,Unlikely
3758499,0.09357666,Unlikely
9521317,0.09285168,Unlikely
5981058,0.09250544,Unlikely
11923213,0.092043795,Unlikely
10747162,0.09197602,Unlikely
9654875,0.09192783,Unlikely
9541295,0.09063848,Unlikely
9935642,0.090495445,Unlikely
8107150,0.08947408,Unlikely
9579606,0.08774768,Unlikely
4164511,0.087746054,Unlikely
7974634,0.0875949,Unlikely
9845909,0.08757706,Unlikely
10407086,0.08750495,Unlikely
11187972,0.08731116,Unlikely
11411639,0.08715345,Unlikely
3529290,0.08655155,Unlikely
9838582,0.0865008,Unlikely
10253977,0.08636181,Unlikely
9458266,0.08596487,Unlikely
3229028,0.0857098,Unlikely
6664842,0.085385256,Unlikely
1025986,0.08536492,Unlikely
8525101,0.084631845,Unlikely
6311891,0.08455651,Unlikely
6131130,0.08453293,Unlikely
10745365,0.084417336,Unlikely
10665228,0.08368748,Unlikely
8391983,0.08345275,Unlikely
7583650,0.08301426,Unlikely
3663494,0.08288281,Unlikely
4150972,0.082683474,Unlikely
8145958,0.08265538,Unlikely
11616434,0.08213991,Unlikely
11520114,0.08211182,Unlikely
9457948,0.08188782,Unlikely
7888863,0.0817195,Unlikely
6690171,0.0817004,Unlikely
7367164,0.08136047,Unlikely
5954894,0.08117781,Unlikely
9655711,0.08088245,Unlikely
6043538,0.080756515,Unlikely
8355131,0.08067568,Unlikely
6366559,0.08059493,Unlikely
9605552,0.080242336,Unlikely
10070479,0.079642795,Unlikely
6043490,0.07953844,Unlikely
9834731,0.079131484,Unlikely
8016692,0.07909075,Unlikely
11520465,0.07907764,Unlikely
9011877,0.07840533,Unlikely
8507586,0.078312956,Unlikely
11080702,0.0782889,Unlikely
9224514,0.07800786,Unlikely
11565544,0.077626705,Unlikely
3248501,0.07745249,Unlikely
11860294,0.07707069,Unlikely
10003058,0.07703324,Unlikely
9773980,0.07653139,Unlikely
5257082,0.07649043,Unlikely
7730747,0.076479964,Unlikely
9073549,0.07601315,Unlikely
8329346,0.07564702,Unlikely
7662502,0.07441346,Unlikely
6721603,0.07411159,Unlikely
11970050,0.07385512,Unlikely
5008501,0.07315418,Unlikely
7022573,0.07304078,Unlikely
5897826,0.0730031,Unlikely
9019191,0.072266914,Unlikely
12109267,0.0721404,Unlikely
2859893,0.07203256,Unlikely
6387557,0.07198064,Unlikely
8971044,0.071884535,Unlikely
11462969,0.07181046,Unlikely
5860347,0.071120895,Unlikely
5650930,0.07108458,Unlikely
3852872,0.071077354,Unlikely
5697395,0.07105645,Unlikely
8248103,0.070683606,Unlikely
9457728,0.07036095,Unlikely
9097470,0.07008193,Unlikely
8702537,0.069785364,Unlikely
6859546,0.0696435,Unlikely
8044083,0.069148496,Unlikely
8158429,0.06909003,Unlikely
11959893,0.068811774,Unlikely
5731623,0.068408534,Unlikely
10186761,0.06791232,Unlikely
3547178,0.067805916,Unlikely
5091479,0.06745162,Unlikely
10858504,0.067093335,Unlikely
6665064,0.06655343,Unlikely
10546063,0.066511124,Unlikely
6277410,0.06545945,Unlikely
7287677,0.06522519,Unlikely
9839030,0.06509937,Unlikely
4915582,0.06501444,Unlikely
3762750,0.06460444,Unlikely
3758922,0.06457396,Unlikely
6106046,0.064379975,Unlikely
7204233,0.064298205,Unlikely
10065053,0.06427087,Unlikely
10396708,0.06398633,Unlikely
4761427,0.063482106,Unlikely
9087853,0.06345887,Unlikely
3756801,0.0631963,Unlikely
4940203,0.06286962,Unlikely
8016650,0.06263968,Unlikely
6424561,0.062222835,Unlikely
11722217,0.06221421,Unlikely
6934045,0.0621105,Unlikely
8165617,0.06197056,Unlikely
12349560,0.061909664,Unlikely
10158418,0.06155411,Unlikely
7429287,0.06142662,Unlikely
5110453,0.06134341,Unlikely
7300182,0.06127764,Unlikely
11904734,0.061181914,Unlikely
11805075,0.060218446,Unlikely
11032748,0.060171388,Unlikely
3545626,0.059987158,Unlikely
3324069,0.059480228,Unlikely
8915379,0.05930113,Unlikely
7816935,0.058945455,Unlikely
9640123,0.058862694,Unlikely
4252671,0.058783706,Unlikely
10967168,0.05872408,Unlikely
9974142,0.05866374,Unlikely
11444974,0.058389317,Unlikely
7213311,0.058385428,Unlikely
11443757,0.0583282,Unlikely
8525286,0.058249965,Unlikely
7954278,0.057774972,Unlikely
7440715,0.05758677,Unlikely
6423922,0.0575224,Unlikely
6358937,0.057224642,Unlikely
4742420,0.056247827,Unlikely
10450504,0.05611031,Unlikely
12121701,0.055903934,Unlikely
7625138,0.05562653,Unlikely
12418418,0.055559848,Unlikely
11446961,0.055488046,Unlikely
8554498,0.05546072,Unlikely
6115356,0.055112433,Unlikely
11284772,0.055071104,Unlikely
6516185,0.05500995,Unlikely
11615521,0.05462754,Unlikely
3955444,0.054198485,Unlikely
9932197,0.054033414,Unlikely
6265961,0.05389007,Unlikely
7835312,0.053713296,Unlikely
2696205,0.053679533,Unlikely
8527297,0.053563636,Unlikely
6309763,0.053539153,Unlikely
9479306,0.053473856,Unlikely
9536108,0.053343486,Unlikely
11183752,0.05324594,Unlikely
7868967,0.05293293,Unlikely
4384909,0.05211641,Unlikely
5443837,0.051954266,Unlikely
12105086,0.05190724,Unlikely
10388451,0.051799953,Unlikely
8323764,0.051739383,Unlikely
11702948,0.05127548,Unlikely
11904704,0.05078891,Unlikely
3232249,0.05071006,Unlikely
8360041,0.05068243,Unlikely
8807057,0.050253995,Unlikely
9159288,0.05018757,Unlikely
12020376,0.050142944,Unlikely
3098605,0.049982507,Unlikely
6425597,0.049536306,Unlikely
1865864,0.04926748,Unlikely
5955197,0.049050502,Unlikely
7746958,0.049006693,Unlikely
7289338,0.04841178,Unlikely
8279146,0.048268646,Unlikely
6359881,0.048103396,Unlikely
11341266,0.047881212,Unlikely
9592621,0.047449324,Unlikely
5802205,0.047421154,Unlikely
7416016,0.04736281,Unlikely
9472341,0.04728159,Unlikely
12554212,0.04703868,Unlikely
8608544,0.046120316,Unlikely
3646449,0.045969725,Unlikely
6346809,0.04535798,Unlikely
6114140,0.045238234,Unlikely
11153476,0.04518674,Unlikely
6628926,0.04516977,Unlikely
5033823,0.045148388,Unlikely
6186182,0.04495255,Unlikely
8444868,0.044876967,Unlikely
11559304,0.044808853,Unlikely
9210738,0.044576388,Unlikely
10160922,0.044367056,Unlikely
5308296,0.04435377,Unlikely
9909965,0.044235215,Unlikely
9811915,0.044139605,Unlikely
8693536,0.043780394,Unlikely
8397947,0.043646883,Unlikely
11671646,0.043596454,Unlikely
6584278,0.043510545,Unlikely
7051984,0.04328062,Unlikely
9938836,0.043203346,Unlikely
11350634,0.043170244,Unlikely
11559493,0.043061387,Unlikely
9417931,0.042653225,Unlikely
7217088,0.042351473,Unlikely
7834712,0.0419049,Unlikely
11598894,0.041765265,Unlikely
11139682,0.0414381,Unlikely
5702770,0.04119497,Unlikely
1429589,0.040926766,Unlikely
12519942,0.04090128,Unlikely
11910670,0.040799785,Unlikely
8803757,0.040512517,Unlikely
2834805,0.040448003,Unlikely
11197853,0.040441275,Unlikely
9109857,0.040166795,Unlikely
8278073,0.04016617,Unlikely
9278216,0.039708093,Unlikely
6717252,0.039656933,Unlikely
8009811,0.03954248,Unlikely
9469494,0.039493613,Unlikely
8332521,0.03937683,Unlikely
8637903,0.03935849,Unlikely
5166811,0.038849704,Unlikely
10656842,0.038847703,Unlikely
4274071,0.03834885,Unlikely
11342550,0.038235504,Unlikely
6863158,0.03813011,Unlikely
10089123,0.03812752,Unlikely
7906892,0.037928723,Unlikely
11672354,0.037916094,Unlikely
2283362,0.03790152,Unlikely
11068630,0.037709203,Unlikely
5878506,0.037546873,Unlikely
9941136,0.036957342,Unlikely
5087223,0.036803603,Unlikely
8223445,0.03665201,Unlikely
11598638,0.036487497,Unlikely
9363944,0.036381587,Unlikely
9942658,0.03613839,Unlikely
8263187,0.03610059,Unlikely
9723746,0.035936978,Unlikely
8432249,0.03563718,Unlikely
6278670,0.035612673,Unlikely
10470779,0.035494655,Unlikely
6763884,0.03498429,Unlikely
9289704,0.034935273,Unlikely
8091197,0.034801245,Unlikely
7447895,0.034795165,Unlikely
9221627,0.034626767,Unlikely
8890417,0.03439314,Unlikely
2161949,0.03387226,Unlikely
9468848,0.03361058,Unlikely
4813750,0.03341418,Unlikely
4072271,0.033311464,Unlikely
10002049,0.033212215,Unlikely
5894182,0.03319234,Unlikely
11338056,0.033014074,Unlikely
8320630,0.032960486,Unlikely
11401253,0.032840706,Unlikely
11904835,0.03283589,Unlikely
6367663,0.03270163,Unlikely
6922203,0.03269047,Unlikely
5193439,0.032684833,Unlikely
6867588,0.03259642,Unlikely
8841297,0.032529604,Unlikely
10403228,0.032240726,Unlikely
5471158,0.03204877,Unlikely
8364232,0.03193931,Unlikely
7132462,0.031677578,Unlikely
10518424,0.031495024,Unlikely
5898983,0.031320922,Unlikely
10536241,0.031257365,Unlikely
10747501,0.031048318,Unlikely
10937749,0.031038368,Unlikely
10935993,0.031010844,Unlikely
11807906,0.030912701,Unlikely
8196226,0.030871302,Unlikely
10525077,0.030765302,Unlikely
10749128,0.030645544,Unlikely
7206422,0.030645303,Unlikely
5283728,0.030521143,Unlikely
2572029,0.030483536,Unlikely
7692093,0.0304577,Unlikely
3356156,0.029872285,Unlikely
9475697,0.029826503,Unlikely
5617259,0.029812114,Unlikely
9846348,0.029389385,Unlikely
9466486,0.029346766,Unlikely
8227086,0.028920643,Unlikely
2860656,0.028854268,Unlikely
8394475,0.028619077,Unlikely
4147444,0.02844297,Unlikely
12304728,0.02838812,Unlikely
3972432,0.02838739,Unlikely
8489260,0.028372742,Unlikely
4840672,0.028262798,Unlikely
5439000,0.028234556,Unlikely
2558163,0.028151944,Unlikely
11446424,0.02812323,Unlikely
10053138,0.02783179,Unlikely
11338091,0.027661387,Unlikely
8352009,0.027508436,Unlikely
3548622,0.027404727,Unlikely
8040457,0.027344156,Unlikely
11854636,0.027055228,Unlikely
7625143,0.027036833,Unlikely
11290515,0.026642816,Unlikely
5456979,0.026421998,Unlikely
3346543,0.026295744,Unlikely
5716763,0.026229823,Unlikely
11824222,0.026047038,Unlikely
9084778,0.025953084,Unlikely
10972902,0.025915675,Unlikely
10663738,0.025873,Unlikely
6853172,0.02579347,Unlikely
9959492,0.025739888,Unlikely
9837013,0.025725512,Unlikely
12067960,0.02547777,Unlikely
5769943,0.025295759,Unlikely
8439949,0.025143934,Unlikely
11286311,0.024951799,Unlikely
3934657,0.024938608,Unlikely
10019854,0.024906522,Unlikely
6525946,0.024858443,Unlikely
11288492,0.024784194,Unlikely
6070337,0.024741407,Unlikely
9149789,0.024720078,Unlikely
3129238,0.024541318,Unlikely
10026544,0.024531826,Unlikely
9702945,0.024401853,Unlikely
11246161,0.02428819,Unlikely
6867219,0.024158685,Unlikely
6034379,0.024153188,Unlikely
4670361,0.024108844,Unlikely
7458743,0.024003858,Unlikely
11072016,0.023951387,Unlikely
8359569,0.023909397,Unlikely
5036052,0.023888696,Unlikely
5877292,0.023864754,Unlikely
10790401,0.02385855,Unlikely
5695615,0.023769952,Unlikely
10351947,0.023635993,Unlikely
5466109,0.023608219,Unlikely
9217583,0.023576107,Unlikely
3545840,0.023438344,Unlikely
3532985,0.0229053,Unlikely
6350031,0.022862734,Unlikely
9843517,0.022850972,Unlikely
7266212,0.022708781,Unlikely
12458817,0.02264493,Unlikely
6111011,0.022630397,Unlikely
6436505,0.022608384,Unlikely
6691169,0.022504615,Unlikely
7345248,0.022499025,Unlikely
6517255,0.022485843,Unlikely
6947623,0.022297248,Unlikely
1871483,0.02221154,Unlikely
4742188,0.022088895,Unlikely
8223568,0.022002196,Unlikely
9025739,0.021655954,Unlikely
7820699,0.021483433,Unlikely
6203955,0.021327728,Unlikely
6531617,0.021300366,Unlikely
3239171,0.021021454,Unlikely
7592529,0.02101898,Unlikely
8395870,0.020875262,Unlikely
7671950,0.020838778,Unlikely
10146103,0.020788599,Unlikely
5460434,0.020583825,Unlikely
7697103,0.02012668,Unlikely
11615258,0.020046791,Unlikely
8700895,0.020000754,Unlikely
8308516,0.019898575,Unlikely
11618569,0.019750288,Unlikely
9150870,0.019704925,Unlikely
8182107,0.01965313,Unlikely
8958939,0.019638086,Unlikely
3540873,0.019432105,Unlikely
6590726,0.0192657,Unlikely
8076215,0.019167064,Unlikely
9518710,0.01913549,Unlikely
3246867,0.019097524,Unlikely
6187508,0.019057857,Unlikely
8415353,0.019039264,Unlikely
5380812,0.0190213,Unlikely
12016243,0.018975582,Unlikely
10199984,0.018925836,Unlikely
11244571,0.018848974,Unlikely
10873178,0.018692465,Unlikely
10809888,0.018615328,Unlikely
5617510,0.018514372,Unlikely
5196864,0.018497787,Unlikely
11658036,0.01834028,Unlikely
10453009,0.018330844,Unlikely
2984990,0.018325409,Unlikely
5816144,0.018287813,Unlikely
10676750,0.018277595,Unlikely
11651240,0.018211193,Unlikely
5437762,0.018196302,Unlikely
5683219,0.018071176,Unlikely
4760959,0.017983735,Unlikely
5208962,0.017814256,Unlikely
8098212,0.01779812,Unlikely
8423344,0.017762536,Unlikely
5687700,0.017682457,Unlikely
5436455,0.017507236,Unlikely
9203154,0.017472658,Unlikely
9110610,0.017254887,Unlikely
6309307,0.017237656,Unlikely
3356193,0.017202197,Unlikely
6345758,0.01719379,Unlikely
7366501,0.016924702,Unlikely
4172013,0.016865317,Unlikely
8256882,0.01676233,Unlikely
1723078,0.016743582,Unlikely
8973285,0.016655672,Unlikely
10128825,0.016546968,Unlikely
2422820,0.016358586,Unlikely
6520519,0.016312024,Unlikely
6356400,0.016214468,Unlikely
12416597,0.01618073,Unlikely
8167504,0.016172383,Unlikely
11092783,0.016139707,Unlikely
8430053,0.015927373,Unlikely
11824578,0.01575112,Unlikely
11296205,0.015726198,Unlikely
4844367,0.015636865,Unlikely
11551652,0.015441615,Unlikely
9968924,0.015423284,Unlikely
4446859,0.015376081,Unlikely
10149023,0.015081472,Unlikely
8807988,0.015007501,Unlikely
7778427,0.014937471,Unlikely
4918303,0.01474744,Unlikely
5097856,0.014700547,Unlikely
9214176,0.014558246,Unlikely
11097752,0.014505953,Unlikely
9775385,0.014496145,Unlikely
6507334,0.014492107,Unlikely
8741367,0.014358785,Unlikely
4071638,0.014312159,Unlikely
6614748,0.014188318,Unlikely
8873873,0.014114495,Unlikely
6307000,0.014050977,Unlikely
8613446,0.014042835,Unlikely
10011213,0.013953545,Unlikely
9278575,0.013944645,Unlikely
4241238,0.013880627,Unlikely
9588822,0.0138662895,Unlikely
9394953,0.013749651,Unlikely
10321972,0.013649726,Unlikely
6198670,0.01354007,Unlikely
9640649,0.013474448,Unlikely
9943009,0.013250693,Unlikely
9481235,0.013247002,Unlikely
7832787,0.013167785,Unlikely
6620003,0.012989514,Unlikely
8880317,0.012958409,Unlikely
3748855,0.012864959,Unlikely
8155654,0.012692849,Unlikely
9459162,0.012655807,Unlikely
12602999,0.012615829,Unlikely
4572728,0.01260586,Unlikely
9209981,0.012528533,Unlikely
11453930,0.012500013,Unlikely
6879865,0.012428408,Unlikely
7601665,0.012381521,Unlikely
3936061,0.012341859,Unlikely
2716979,0.012301476,Unlikely
5444276,0.012053461,Unlikely
8673511,0.01204602,Unlikely
8197176,0.01200014,Unlikely
4750962,0.011926817,Unlikely
10290021,0.011901299,Unlikely
3942446,0.011868936,Unlikely
10862759,0.011783955,Unlikely
6551106,0.011774835,Unlikely
5734702,0.011611795,Unlikely
4055765,0.011607511,Unlikely
10214341,0.011567377,Unlikely
4073017,0.011460955,Unlikely
9883311,0.011439803,Unlikely
11502218,0.011435042,Unlikely
11911929,0.011431016,Unlikely
9906688,0.011318406,Unlikely
6952971,0.011305495,Unlikely
5096053,0.01116194,Unlikely
2301068,0.011064269,Unlikely
1293379,0.011031946,Unlikely
4940376,0.011031463,Unlikely
3867794,0.0110135395,Unlikely
5544450,0.010940872,Unlikely
12401859,0.010822859,Unlikely
9173014,0.010811342,Unlikely
6891124,0.010781699,Unlikely
11601425,0.010774881,Unlikely
7692248,0.010515334,Unlikely
5094412,0.010466162,Unlikely
11135694,0.010158652,Unlikely
5793275,0.010151697,Unlikely
5115688,0.010140104,Unlikely
3764879,0.010101596,Unlikely
8442795,0.009988921,Unlikely
8555967,0.0099003725,Unlikely
10331279,0.009893117,Unlikely
7687365,0.0098861875,Unlikely
6231721,0.0098789595,Unlikely
8628761,0.009826162,Unlikely
12454800,0.009799096,Unlikely
6543192,0.009782915,Unlikely
9085039,0.009782038,Unlikely
6509282,0.009773431,Unlikely
9397900,0.009693145,Unlikely
7287028,0.009609598,Unlikely
10811496,0.009562524,Unlikely
8326342,0.00954449,Unlikely
8046659,0.009538826,Unlikely
8616873,0.009510755,Unlikely
4760746,0.009426017,Unlikely
10979952,0.009402383,Unlikely
3748239,0.009318496,Unlikely
7592922,0.009315252,Unlikely
6864706,0.009208008,Unlikely
7902204,0.009121839,Unlikely
5389956,0.0090526715,Unlikely
5687986,0.009028557,Unlikely
6124137,0.009025179,Unlikely
7504328,0.008984228,Unlikely
6451368,0.008877898,Unlikely
10610039,0.008781587,Unlikely
4742452,0.008765207,Unlikely
3547760,0.008565774,Unlikely
6842345,0.0085400455,Unlikely
3629119,0.008525463,Unlikely
5858919,0.008431176,Unlikely
10083325,0.008423259,Unlikely
3109550,0.00827717,Unlikely
7198587,0.008256017,Unlikely
9635520,0.008248563,Unlikely
10066755,0.008166589,Unlikely
8868481,0.008139116,Unlikely
4054784,0.0080893515,Unlikely
12647757,0.0079768365,Unlikely
11296724,0.007964244,Unlikely
10602291,0.007961592,Unlikely
6876575,0.007859692,Unlikely
8376848,0.007841841,Unlikely
8703129,0.007840673,Unlikely
5295206,0.007832506,Unlikely
9390228,0.0077996207,Unlikely
8677057,0.007787817,Unlikely
8222395,0.007778667,Unlikely
10848097,0.0077475933,Unlikely
8765560,0.007683345,Unlikely
2834463,0.007643512,Unlikely
11868941,0.007594749,Unlikely
3733638,0.0075906673,Unlikely
11714107,0.0075247553,Unlikely
6443274,0.007510993,Unlikely
8005002,0.0074863294,Unlikely
6790592,0.00741253,Unlikely
6594945,0.007397694,Unlikely
7134626,0.0073230104,Unlikely
8007675,0.0072548403,Unlikely
3974928,0.007211201,Unlikely
8958811,0.0071512717,Unlikely
5263167,0.0071476535,Unlikely
7747103,0.0070605814,Unlikely
2449245,0.007036256,Unlikely
10978581,0.0069743553,Unlikely
7902003,0.0069300253,Unlikely
10287242,0.00687131,Unlikely
5966732,0.0068018497,Unlikely
4953262,0.006660193,Unlikely
7613620,0.006610177,Unlikely
9418619,0.006556318,Unlikely
7381580,0.0065510063,Unlikely
8937555,0.006408641,Unlikely
5098334,0.0063886205,Unlikely
2162635,0.0063536917,Unlikely
9480398,0.0063017244,Unlikely
8443812,0.0062932177,Unlikely
8297319,0.006266214,Unlikely
10534155,0.006183017,Unlikely
6220312,0.0061797774,Unlikely
9079767,0.0061615184,Unlikely
11072982,0.0061428878,Unlikely
9227215,0.006133599,Unlikely
12402588,0.006122961,Unlikely
9604563,0.0059639397,Unlikely
11825996,0.0059540966,Unlikely
3848083,0.0059473803,Unlikely
4739229,0.005909732,Unlikely
4862924,0.005904046,Unlikely
5181299,0.005901961,Unlikely
12555616,0.005852415,Unlikely
8240617,0.0058357627,Unlikely
8760760,0.005753276,Unlikely
9650762,0.005735275,Unlikely
10272858,0.0056619453,Unlikely
5360920,0.0056459843,Unlikely
10464199,0.0055865673,Unlikely
3110177,0.005432637,Unlikely
2299738,0.0053514657,Unlikely
2976017,0.005317098,Unlikely
8294683,0.005220418,Unlikely
6442735,0.005193924,Unlikely
9210820,0.0051904023,Unlikely
8959240,0.005182549,Unlikely
4255944,0.005166966,Unlikely
10155286,0.005153014,Unlikely
12253490,0.0050529554,Unlikely
6715997,0.0050495975,Unlikely
10674871,0.005014058,Unlikely
11358305,0.0049232533,Unlikely
9959093,0.004911531,Unlikely
10751908,0.004909956,Unlikely
12416987,0.0047950875,Unlikely
6768616,0.0047528152,Unlikely
8624860,0.0046262676,Unlikely
11547869,0.0046216585,Unlikely
5271090,0.0046118987,Unlikely
7215678,0.0045751063,Unlikely
5083138,0.00451009,Unlikely
9790965,0.0044977134,Unlikely
9596892,0.004490891,Unlikely
8053552,0.004454178,Unlikely
8362974,0.0044426057,Unlikely
11090926,0.0044232598,Unlikely
9490342,0.004387645,Unlikely
5394585,0.0043629436,Unlikely
6517200,0.004360939,Unlikely
6634112,0.0043020486,Unlikely
9821428,0.0042752135,Unlikely
6209225,0.0042266254,Unlikely
4813793,0.00419917,Unlikely
6956176,0.004198247,Unlikely
8620565,0.004177211,Unlikely
8099517,0.0041705333,Unlikely
6128245,0.004155912,Unlikely
5645170,0.004096286,Unlikely
6786224,0.0040645325,Unlikely
7672215,0.004029407,Unlikely
6425377,0.0039742324,Unlikely
6765563,0.003945658,Unlikely
8242769,0.0038825471,Unlikely
2555080,0.0037804365,Unlikely
10665749,0.0037802625,Unlikely
6716021,0.003759939,Unlikely
5881307,0.003707059,Unlikely
4178389,0.0036330821,Unlikely
5524229,0.0036160958,Unlikely
7093401,0.0036093981,Unlikely
5436161,0.0035887652,Unlikely
10515564,0.0035526424,Unlikely
3660581,0.0034742893,Unlikely
8330207,0.0034429007,Unlikely
1164301,0.0034267907,Unlikely
5596440,0.0033888377,Unlikely
11650543,0.0033822432,Unlikely
9639106,0.0033790076,Unlikely
11513366,0.003347247,Unlikely
9580167,0.003317524,Unlikely
9588862,0.003264981,Unlikely
10866969,0.0032615906,Unlikely
9693803,0.003249191,Unlikely
10153011,0.0032404452,Unlikely
8168509,0.0032052533,Unlikely
9268159,0.0031181492,Unlikely
11495989,0.0031062725,Unlikely
6356506,0.0030647672,Unlikely
8488381,0.003011281,Unlikely
7778664,0.0029825964,Unlikely
8686442,0.0029502148,Unlikely
11351454,0.00293466,Unlikely
11775507,0.0029215394,Unlikely
4830859,0.0027965393,Unlikely
11069681,0.0027559078,Unlikely
9650579,0.0026873858,Unlikely
8110757,0.0026623495,Unlikely
4567118,0.0026248854,Unlikely
3229150,0.0025956207,Unlikely
9043947,0.002577685,Unlikely
9651602,0.0025282057,Unlikely
11453349,0.0024957294,Unlikely
4862625,0.0024431066,Unlikely
6875342,0.0024250227,Unlikely
4075067,0.002406731,Unlikely
6045093,0.0023775492,Unlikely
4995716,0.0023595868,Unlikely
5956171,0.0023339598,Unlikely
7103300,0.0023222344,Unlikely
12307496,0.002299584,Unlikely
8308347,0.00229199,Unlikely
10295951,0.002253964,Unlikely
5564082,0.002216586,Unlikely
9536727,0.0021998964,Unlikely
6443093,0.0021924754,Unlikely
9962595,0.0020660746,Unlikely
9202434,0.0020438323,Unlikely
11182706,0.0019618706,Unlikely
5092799,0.0019590687,Unlikely
8881169,0.0019503125,Unlikely
11404644,0.001944956,Unlikely
8297017,0.0018013709,Unlikely
5390913,0.0017917899,Unlikely
7345335,0.0017899992,Unlikely
9837828,0.0017856769,Unlikely
4252322,0.0017728843,Unlikely
8625408,0.0017517119,Unlikely
9099607,0.0017054675,Unlikely
10743597,0.0016689076,Unlikely
6670742,0.0015989786,Unlikely
7383840,0.0015217216,Unlikely
9552608,0.0015104639,Unlikely
9574614,0.0014810764,Unlikely
10932270,0.001463928,Unlikely
8197406,0.0014171705,Unlikely
6599919,0.0013696756,Unlikely
9011955,0.0013547719,Unlikely
3965201,0.0013379285,Unlikely
11098704,0.0013151917,Unlikely
3663850,0.0013008565,Unlikely
9145861,0.0012983778,Unlikely
7031517,0.0012447828,Unlikely
2284957,0.0012241062,Unlikely
8708961,0.0011939212,Unlikely
5769810,0.001182833,Unlikely
9932970,0.0011376749,Unlikely
11614808,0.0010809586,Unlikely
10281221,0.0010112354,Unlikely
11147785,0.00095992704,Unlikely
4764969,0.00095094927,Unlikely
8022520,0.0009428388,Unlikely
4282390,0.00088665524,Unlikely
9472328,0.0008669849,Unlikely
10028352,0.0008669065,Unlikely
5308663,0.0008263088,Unlikely
8180290,0.00082069426,Unlikely
12254688,0.0008016851,Unlikely
8780959,0.0007258173,Unlikely
10670112,0.00067633286,Unlikely
7755741,0.00063821865,Unlikely
5706592,0.0006099583,Unlikely
6032730,0.0006051164,Unlikely
4076061,0.00054200157,Unlikely
8566113,0.0005160622,Unlikely
3644071,0.00050142803,Unlikely
11180361,0.00048633997,Unlikely
12168280,0.0004275801,Unlikely
8042644,0.0004260285,Unlikely
4078157,0.00041602468,Unlikely
4758350,0.00036194426,Unlikely
9551430,0.00029991442,Unlikely
5115978,0.00024308912,Unlikely
4936180,0.00015064998,Unlikely
